question,answer,category,num_evidence,BM25,TF-IDF,SVM,FAISS,Time-Weighted,any_retriever_found
When did Caroline go to the LGBTQ support group?,7 May 2023,2,1,1,1,1,1,1,1
When did Melanie paint a sunrise?,2022,2,1,0,0,0,0,0,0
What fields would Caroline be likely to pursue in her educaton?,"Psychology, counseling certification",3,2,0,0,0,0,0,0
What did Caroline research?,Adoption agencies,1,1,0,0,0,0,0,0
What is Caroline's identity?,Transgender woman,1,1,0,0,0,0,0,0
When did Melanie run a charity race?,The sunday before 25 May 2023,2,1,1,1,0,0,0,1
When is Melanie planning on going camping?,June 2023,2,1,0,0,0,1,0,1
What is Caroline's relationship status?,Single,1,2,0,0,0,0,0,0
When did Caroline give a speech at a school?,The week before 9 June 2023,2,1,0,0,0,0,0,0
"When did Caroline meet up with her friends, family, and mentors?",The week before 9 June 2023,2,1,1,1,0,0,0,1
How long has Caroline had her current group of friends for?,4 years,2,1,0,0,0,0,0,0
Where did Caroline move from 4 years ago?,Sweden,1,2,0,0,0,0,0,0
How long ago was Caroline's 18th birthday?,10 years ago,2,1,1,1,0,0,0,1
What career path has Caroline decided to persue?,counseling or mental health for Transgender people,1,2,0,0,0,0,0,0
Would Caroline still want to pursue counseling as a career if she hadn't received support growing up?,Likely no,3,2,0,0,0,0,0,0
What activities does Melanie partake in?,"pottery, camping, painting, swimming",1,4,0,0,0,0,0,0
When did Melanie sign up for a pottery class?,2 July 2023,2,1,0,0,0,0,0,0
When is Caroline going to the transgender conference?,July 2023,2,1,1,1,1,1,0,1
Where has Melanie camped?,"beach, mountains, forest",1,3,0,0,0,0,0,0
What do Melanie's kids like?,"dinosaurs, nature",1,2,0,0,0,0,0,0
When did Melanie go to the museum?,5 July 2023,2,1,0,1,0,0,0,1
When did Caroline have a picnic?,The week before 6 July 2023,2,1,0,0,0,0,0,0
Would Caroline likely have Dr. Seuss books on her bookshelf?,"Yes, since she collects classic children's books",3,1,0,0,0,0,0,0
What books has Melanie read?,"""Nothing is Impossible"", ""Charlotte's Web""",1,2,0,0,0,0,0,0
What does Melanie do to destress?,"Running, pottery",1,2,0,0,0,0,0,0
When did Caroline go to the LGBTQ conference?,10 July 2023,2,1,0,0,0,0,0,0
"When did Melanie read the book ""nothing is impossible""?",2022,2,1,0,0,0,0,0,0
Would Caroline pursue writing as a career option?,"LIkely no; though she likes reading, she wants to be a counselor",3,2,0,0,0,0,0,0
When did Caroline go to the adoption meeting?,The friday before 15 July 2023,2,1,0,0,0,0,0,0
When did Melanie go to the pottery workshop?,The Friday before 15 July 2023,2,1,0,1,0,0,0,1
When did Melanie go camping in June?,The week before 27 June 2023,2,1,0,0,0,0,0,0
What LGBTQ+ events has Caroline participated in?,"Pride parade, school speech, support group",1,4,0,0,0,0,0,0
When did Caroline go to a pride parade during the summer?,The week before 3 July 2023,2,1,0,1,1,0,0,1
What events has Caroline participated in to help children?,"Mentoring program, school speech",1,2,0,0,0,0,0,0
When did Melanie go camping in July?,two weekends before 17 July 2023,2,1,0,0,0,0,0,0
When did Caroline join a mentorship program?,The weekend before 17 July 2023,2,1,1,1,0,0,0,1
What did Melanie paint recently?,sunset,1,1,0,0,0,0,0,0
What activities has Melanie done with her family?,"Pottery, painting, camping, museum, swimming, hiking",1,6,0,0,0,0,0,0
In what ways is Caroline participating in the LGBTQ community?,"Joining activist group, going to pride parades, participating in an art show, mentoring program",1,4,0,0,0,0,0,0
How many times has Melanie gone to the beach in 2023?,2,1,2,0,0,0,0,0,0
When did Caroline join a new activist group?,The Tuesday before 20 July 2023,2,1,1,1,0,0,0,1
Would Melanie be more interested in going to a national park or a theme park?,National park; she likes the outdoors,3,2,0,0,0,0,0,0
What kind of art does Caroline make?,abstract art,1,3,0,0,0,0,0,0
When is Melanie's daughter's birthday?,13 August,2,1,1,1,0,0,0,1
When did Caroline attend a pride parade in August?,The Friday before 14 August 2023,2,1,0,1,0,0,0,1
Who supports Caroline when she has a negative experience?,"Her mentors, family, and friends",1,2,0,0,0,0,0,0
What types of pottery have Melanie and her kids made?,"bowls, cup",1,3,0,0,0,1,0,1
When did Caroline and Melanie go to a pride fesetival together?,2022,2,1,0,0,0,0,0,0
What would Caroline's political leaning likely be?,Liberal,3,1,0,0,0,0,0,0
What has Melanie painted?,"Horse, sunset, sunrise",1,3,0,0,0,0,0,0
What are Melanie's pets' names?,"Oliver, Luna, Bailey",1,2,0,0,0,0,0,0
When did Caroline apply to adoption agencies?,The week of 23 August 2023,2,1,1,1,0,0,0,1
When did Caroline draw a self-portrait?,The week before 23 August 2023,2,1,1,1,0,0,0,1
What subject have Caroline and Melanie both painted?,Sunsets,1,2,0,0,0,0,0,0
What symbols are important to Caroline?,"Rainbow flag, transgender symbol",1,2,0,0,0,0,0,0
When did Caroline encounter people on a hike and have a negative experience?,The week before 25 August 2023,2,1,0,0,0,0,0,0
When did Melanie make a plate in pottery class?,24 August 2023,2,1,1,1,0,1,0,1
Would Caroline be considered religious?,"Somewhat, but not extremely religious",3,2,0,1,0,0,0,1
What instruments does Melanie play?,clarinet and violin,1,2,0,0,0,0,0,0
What musical artists/bands has Melanie seen?,"Summer Sounds, Matt Patterson",1,2,0,0,0,0,0,0
When did Melanie go to the park?,27 August 2023,2,1,0,0,0,0,0,0
When is Caroline's youth center putting on a talent show?,September 2023,2,1,1,1,1,1,0,1
"Would Melanie likely enjoy the song ""The Four Seasons"" by Vivaldi?",Yes; it's classical music,3,1,0,0,1,0,0,1
What are some changes Caroline has faced during her transition journey?,"Changes to her body, losing unsupportive friends",1,2,0,0,0,0,0,0
What does Melanie do with her family on hikes?,"Roast marshmallows, tell stories",1,2,0,0,0,0,0,0
When did Caroline go biking with friends?,The weekend before 13 September 2023,2,1,0,0,0,0,0,0
How long has Melanie been practicing art?,Since 2016,2,1,0,0,0,0,0,0
What personality traits might Melanie say Caroline has?,"Thoughtful, authentic, driven",3,3,0,0,0,0,0,0
What transgender-specific events has Caroline attended?,"Poetry reading, conference",1,2,0,0,1,0,0,1
What book did Melanie read from Caroline's suggestion?,"""Becoming Nicole""",1,2,0,0,0,0,0,0
When did Melanie's friend adopt a child?,2022,2,1,1,1,0,0,0,1
When did Melanie get hurt?,September 2023,2,1,0,0,0,0,0,0
When did Melanie's family go on a roadtrip?,The weekend before 20 October 2023,2,1,0,0,0,0,0,0
How many children does Melanie have?,3,1,2,0,0,0,0,0,0
When did Melanie go on a hike after the roadtrip?,19 October 2023,1,1,0,0,0,0,0,0
Would Melanie go on another roadtrip soon?,Likely no; since this one went badly,3,2,0,0,0,0,0,0
What items has Melanie bought?,"Figurines, shoes",1,2,0,0,0,0,0,0
When did Caroline pass the adoption interview?,The Friday before 22 October 2023,2,1,0,0,0,0,0,0
When did Melanie buy the figurines?,21 October 2023,2,1,1,1,0,0,0,1
Would Caroline want to move back to her home country soon?,No; she's in the process of adopting children.,3,2,0,0,0,0,0,0
What did the charity race raise awareness for?,mental health,4,1,1,1,1,1,1,1
What did Melanie realize after the charity race?,self-care is important,4,1,1,0,0,0,0,1
How does Melanie prioritize self-care?,"by carving out some me-time each day for activities like running, reading, or playing the violin",4,1,0,0,0,0,0,0
What are Caroline's plans for the summer?,researching adoption agencies,4,1,0,0,0,0,0,0
What type of individuals does the adoption agency Caroline is considering support?,LGBTQ+ individuals,4,1,0,0,0,0,0,0
Why did Caroline choose the adoption agency?,because of their inclusivity and support for LGBTQ+ individuals,4,1,0,0,1,0,0,1
What is Caroline excited about in the adoption process?,creating a family for kids who need one,4,1,0,0,0,0,0,0
What does Melanie think about Caroline's decision to adopt?,she thinks Caroline is doing something amazing and will be an awesome mom,4,1,0,0,0,0,0,0
How long have Mel and her husband been married?,Mel and her husband have been married for 5 years.,4,1,0,0,0,0,0,0
What does Caroline's necklace symbolize?,"love, faith, and strength",4,1,0,0,0,0,0,0
What country is Caroline's grandma from?,Sweden,4,1,1,1,0,0,0,1
What was grandma's gift to Caroline?,necklace,4,1,1,1,0,0,0,1
What is Melanie's hand-painted bowl a reminder of?,art and self-expression,4,1,1,1,1,1,0,1
What did Melanie and her family do while camping?,"explored nature, roasted marshmallows, and went on a hike",4,1,0,0,0,0,0,0
What kind of counseling and mental health services is Caroline interested in pursuing?,"working with trans people, helping them accept themselves and supporting their mental health",4,1,0,0,0,0,0,0
What workshop did Caroline attend recently?,LGBTQ+ counseling workshop,4,1,0,0,0,0,0,0
What was discussed in the LGBTQ+ counseling workshop?,therapeutic methods and how to best work with trans people,4,1,1,1,1,1,0,1
What motivated Caroline to pursue counseling?,"her own journey and the support she received, and how counseling improved her life",4,1,0,0,0,0,0,0
What kind of place does Caroline want to create for people?,a safe and inviting place for people to grow,4,1,0,0,0,0,0,0
Did Melanie make the black and white bowl in the photo?,Yes,4,1,0,0,0,0,0,0
What kind of books does Caroline have in her library?,"kids' books - classics, stories from different cultures, educational books",4,1,0,0,0,0,0,0
What was Melanie's favorite book from her childhood?,"""Charlotte's Web""",4,1,0,0,0,1,0,1
What book did Caroline recommend to Melanie?,"""Becoming Nicole""",4,1,0,0,0,0,0,0
"What did Caroline take away from the book ""Becoming Nicole""?",Lessons on self-acceptance and finding support,4,1,0,0,0,0,0,0
What are the new shoes that Melanie got used for?,Running,4,1,0,0,0,0,0,0
What is Melanie's reason for getting into running?,To de-stress and clear her mind,4,1,1,1,1,1,0,1
What does Melanie say running has been great for?,Her mental health,4,1,0,0,0,0,0,0
What did Mel and her kids make during the pottery workshop?,pots,4,1,1,1,0,1,0,1
What kind of pot did Mel and her kids make with clay?,a cup with a dog face on it,4,1,1,1,1,1,1,1
What creative project do Mel and her kids do together besides pottery?,painting,4,1,1,1,1,1,0,1
What did Mel and her kids paint in their latest project in July 2023?,a sunset with a palm tree,4,1,0,0,0,0,0,0
What did Caroline see at the council meeting for adoption?,many people wanting to create loving homes for children in need,4,1,1,1,0,0,0,1
What do sunflowers represent according to Caroline?,warmth and happiness,4,1,1,1,1,1,0,1
Why are flowers important to Melanie?,They remind her to appreciate the small moments and were a part of her wedding decor,4,1,0,0,1,1,0,1
What inspired Caroline's painting for the art show?,visiting an LGBTQ center and wanting to capture unity and strength,4,1,0,0,0,0,0,0
How often does Melanie go to the beach with her kids?,once or twice a year,4,1,1,0,1,1,0,1
What did Melanie and her family see during their camping trip last year?,Perseid meteor shower,4,1,0,0,0,0,0,0
How did Melanie feel while watching the meteor shower?,in awe of the universe,4,1,0,0,0,0,0,0
Whose birthday did Melanie celebrate recently?,Melanie's daughter,4,1,0,0,0,0,0,0
Who performed at the concert at Melanie's daughter's birthday?,Matt Patterson,4,1,0,0,0,0,0,0
Why did Melanie choose to use colors and patterns in her pottery project?,She wanted to catch the eye and make people smile.,4,1,0,0,0,0,0,0
What pet does Caroline have?,guinea pig,4,1,0,0,0,0,0,0
What pets does Melanie have?,Two cats and a dog,4,1,0,0,0,0,0,0
Where did Oliver hide his bone once?,In Melanie's slipper,4,1,1,1,1,1,1,1
What activity did Caroline used to do with her dad?,Horseback riding,4,1,0,1,0,0,0,1
What did Caroline make for a local church?,a stained glass window,4,1,0,0,0,0,0,0
What did Caroline find in her neighborhood during her walk?,a rainbow sidewalk,4,1,0,1,0,0,0,1
Which song motivates Caroline to be courageous?,Brave by Sara Bareilles,4,1,0,0,0,0,0,0
Which  classical musicians does Melanie enjoy listening to?,Bach and Mozart,4,1,0,0,1,1,0,1
Who is Melanie a fan of in terms of modern music?,Ed Sheeran,4,1,1,1,1,0,0,1
How long has Melanie been creating art?,7 years,4,1,1,1,0,0,0,1
What precautionary sign did Melanie see at the café?,A sign stating that someone is not being able to leave,4,1,0,0,0,0,0,0
What advice does Caroline give for getting started with adoption?,"Do research, find an adoption agency or lawyer, gather necessary documents, and prepare emotionally.",4,1,0,0,1,0,0,1
What setback did Melanie face in October 2023?,She got hurt and had to take a break from pottery.,4,1,0,0,0,0,0,0
What does Melanie do to keep herself busy during her pottery break?,Read a book and paint.,4,1,0,0,0,0,0,0
"What painting did Melanie show to Caroline on October 13, 2023?",A painting inspired by sunsets with a pink sky.,4,1,0,0,0,0,0,0
"What kind of painting did Caroline share with Melanie on October 13, 2023?",An abstract painting with blue streaks on a wall.,4,1,0,0,0,0,0,0
What was the poetry reading that Caroline attended about?,It was a transgender poetry reading where transgender people shared their stories.,4,1,0,0,0,0,0,0
What did the posters at the poetry reading say?,"""Trans Lives Matter""",4,1,1,1,1,1,1,1
What does Caroline's drawing symbolize for her?,Freedom and being true to herself.,4,1,0,0,0,0,0,0
How do Melanie and Caroline describe their journey through life together?,An ongoing adventure of learning and growing.,4,1,0,0,0,0,1,1
What happened to Melanie's son on their road trip?,He got into an accident,4,1,0,0,0,0,0,0
How did Melanie's son handle the accident?,He was scared but reassured by his family,4,2,1,1,1,1,0,1
How did Melanie feel about her family after the accident?,They are important and mean the world to her,4,1,1,0,0,0,0,1
How did Melanie's children handle the accident?,They were scared but resilient,4,1,0,0,0,0,0,0
How did Melanie feel after the accident?,Grateful and thankful for her family,4,1,0,0,0,0,0,0
What was Melanie's reaction to her children enjoying the Grand Canyon?,She was happy and thankful,4,1,1,1,0,0,0,1
What do Melanie's family give her?,Strength and motivation,4,1,0,0,0,0,0,0
How did Melanie feel about her family supporting her?,She appreciated them a lot,4,1,0,0,0,0,0,0
What did Melanie do after the road trip to relax?,Went on a nature walk or hike,4,1,1,1,0,0,0,1
Did Caroline make the black and white bowl in the photo?,No,5,1,1,1,1,1,0,1
Is Oscar Melanie's pet?,No,5,1,1,0,0,1,0,1
When Jon has lost his job as a banker?,"19 January, 2023",2,1,1,1,0,0,0,1
When Gina has lost her job at Door Dash?,"January, 2023",2,1,1,1,0,0,0,1
How do Jon and Gina both like to destress?,by dancing,4,2,0,0,0,0,0,0
What do Jon and Gina both have in common?,They lost their jobs and decided to start their own businesses.,1,4,0,0,0,0,0,0
Why did Jon decide to start his dance studio?,He lost his job and decided to start his own business to share his passion.,4,2,0,0,0,0,0,0
What Jon thinks the ideal dance studio should look like?,"By the water, with natural light and Marley flooring",1,3,1,1,0,0,0,1
When is Jon's group performing at a festival?,"February, 2023",2,1,1,0,0,0,0,1
When did Gina launch an ad campaign for her store?,"29 January, 2023",2,1,1,1,0,1,0,1
When was Jon in Paris?,28 January 2023,2,1,0,0,0,0,0,0
Which city have both Jean and John visited?,Rome,1,2,0,0,1,1,0,1
When did Gina team up with a local artist for some cool designs?,"February, 2023",2,1,1,1,0,0,0,1
When did Gina get her tattoo?,A few years ago,2,1,0,0,0,0,0,0
When did Jon start to go to the gym?,"March, 2023",2,1,0,0,0,0,0,0
When did Gina open her online clothing store?,"16 March, 2023",2,1,1,1,0,0,0,1
When did Jon start expanding his studio's social media presence?,"April, 2023",2,1,1,1,0,0,0,1
When did Jon host a dance competition?,"May, 2023",2,1,0,0,0,0,0,0
When did Jon go to a fair to get more exposure for his dance studio?,"24 April, 2023",2,1,0,0,0,0,0,0
Why did Gina decide to start her own clothing store?,She always loved fashion trends and finding unique pieces and she lost her job so decided it was time to start her own business.,1,2,0,0,0,0,0,0
Do Jon and Gina start businesses out of what they love?,Yes,1,2,0,0,0,0,0,0
When did Gina interview for a design internship?,"10 May, 2023",2,1,1,1,0,0,0,1
When did Gina get accepted for the design internship?,"27 May, 2023",2,1,1,1,0,0,0,1
"When did Jon start reading ""The Lean Startup""?","May, 2023",2,1,1,1,1,1,0,1
When did Gina develop a video presentation to teach how to style her fashion pieces? ,"June, 2023",2,1,1,1,0,0,0,1
How did Gina promote her clothes store?,"worked with an artist to make unique fashion pieces, made limited-edition sweatshirts, got some new offers and promotions for online store, developed a video presentation showing how to style her pieces",1,4,0,0,0,0,0,0
Which events has Jon participated in to promote his business venture?,"fair, networking events, dance competition",1,3,0,0,0,0,0,0
What does Jon's dance studio offer?,"one-on-one metoring and training to dancers,  workshops and classes to local schools and centers",1,2,0,0,0,0,0,0
When did Jon receive mentorship to promote his venture?,"15 June, 2023",2,1,0,0,0,0,0,0
Did Jon and Gina both participate in dance competitions?,Yes,1,5,1,0,0,0,0,1
When was Jon in Rome?,June 2023,2,1,0,0,0,0,0,0
Which cities has Jon visited?,"Paris, Rome",1,2,0,0,0,0,0,0
When Jon is planning to open his dance studio?,"20 June, 2023",2,1,0,0,0,0,0,0
How long did it take for Jon to open his studio?,six months,1,2,0,0,0,0,0,0
When did Gina design a limited collection of hoodies?,June 2023,2,1,1,1,1,1,0,1
When did Jon visit networking events for his store?,"20 June, 2023",2,1,1,1,0,0,0,1
When did Gina start being recognized by fashion editors?,July 2023,2,1,1,1,0,0,0,1
When did Jon start learning marketing and analytics tools?,"July, 2023",2,1,1,1,0,0,0,1
When did Jon and Gina decide to collaborate to create dance content?,21 July 2023,2,1,0,0,1,1,1,1
When did Gina mention Shia Labeouf?," 23 July, 2023",2,1,1,1,1,1,0,1
When did Gina go to a dance class with a group of friends?,21 July 2023,2,1,1,1,0,0,0,1
What is Gina's favorite style of dance?,Contemporary,4,1,0,0,0,0,0,0
What is Jon's favorite style of dance?,Contemporary,4,1,0,0,0,0,0,0
What was Gina's favorite dancing memory?,Winning first place at a regionals dance competition,4,1,0,0,0,0,0,0
What kind of dance piece did Gina's team perform to win first place?,"""Finding Freedom""",4,1,0,0,0,0,0,0
What do the dancers in the photo represent?,They are performing at the festival,4,1,0,0,0,0,0,0
What does Gina say about the dancers in the photo?,They look graceful,4,1,0,0,0,0,0,0
What is Jon's attitude towards being part of the dance festival?,Glad,4,1,0,0,0,0,0,0
What kind of flooring is Jon looking for in his dance studio?,Marley flooring,4,1,1,1,1,1,0,1
"What did Gina find for her clothing store on 1 February, 2023?",The perfect spot for her store,4,1,0,0,0,0,0,0
What did Gina design for her store?,"the space, furniture, and decor",4,1,0,0,0,0,0,0
What did Gina want her customers to feel in her store?,cozy and comfortable,4,2,0,0,0,0,0,0
What did Jon say about Gina's progress with her store?,hard work's paying off,4,1,0,1,0,1,0,1
What made Gina choose the furniture and decor for her store?,personal style and customer comfort,4,1,0,0,0,1,0,1
What did Jon say about creating a special experience for customers?,It's the key to making them feel welcome and coming back,4,1,1,1,1,1,0,1
What did Gina say about creating an experience for her customers?,making them want to come back,4,1,1,0,0,0,0,1
How is Gina's store doing?,The store is doing great.,4,1,1,0,0,0,0,1
What does Gina's tattoo symbolize?,Freedom and expressing herself through dance,4,1,0,0,0,1,0,1
What did Jon and Gina compare their entrepreneurial journeys to?,dancing together and supporting each other,4,2,0,0,0,0,0,0
What advice does Gina give to Jon about running a successful business?,"build relationships with customers, create a strong brand image, stay positive",4,1,0,0,0,0,0,0
Why did Jon shut down his bank account?,for his business,4,1,1,1,1,1,0,1
Why did Gina combine her clothing business with dance?,she is passionate about dance and fashion,4,1,0,0,0,0,0,0
What does Jon's dance make him?,happy,4,1,0,0,0,0,0,0
What did Gina receive from a dance contest?,a trophy,4,1,1,1,0,0,0,1
How does Gina stay confident in her business?,"By reminding herself of her successes and progress, having a support system, and focusing on why she started",4,1,0,0,0,0,0,0
"What kind of professional experience did Gina get accepted for on May 23, 2023?",fashion internship,4,1,0,0,0,0,0,0
Where is Gina's fashion internship?,fashion department of an international company,4,1,0,0,0,0,0,0
What book is Jon currently reading?,The Lean Startup,4,1,0,0,0,0,0,0
What is Jon offering to the dancers at his dance studio?,One-on-one mentoring and training,4,1,1,1,0,0,0,1
How does Jon use the clipboard with a notepad attached to it?,"To set goals, track achievements, and find areas for improvement",4,1,0,0,0,0,0,0
What does Jon tell Gina he won't do?,quit,4,1,0,0,0,0,0,0
What did Jon take a trip to Rome for?,To clear his mind,4,1,1,1,0,0,0,1
What is Jon working on opening?,a dance studio,4,1,1,1,0,0,0,1
How does Gina describe the studio that Jon has opened?,amazing,4,1,0,0,0,0,0,0
How does Jon feel about the opening night of his dance studio?,excited,4,1,0,0,0,0,0,0
How does Gina describe the feeling that dance brings?,magical,4,1,0,0,0,0,0,0
What does Jon plan to do at the grand opening of his dance studio?,savor all the good vibes,4,1,0,0,0,0,0,0
What does Gina say to Jon about the grand opening?,Let's live it up and make some great memories,4,1,0,0,0,0,0,0
What is the general sentiment about the upcoming grand opening?,excitement,4,2,1,1,1,1,1,1
What did Gina make a limited edition line of?,Hoodies,4,1,1,1,1,0,0,1
"According to Gina, what makes Jon a perfect mentor and guide?",His positivity and determination,4,1,1,1,1,1,0,1
What plans does Jon have after receiving advice at the networking event?,"Sprucing up his business plan, tweaking his pitch to investors, and working on an online platform.",4,1,0,0,0,0,0,0
What offer does Gina make to Jon regarding social media?,Helping with making content and managing his social media accounts.,4,1,0,0,0,0,0,0
"Who did Maria have dinner with on May 3, 2023?",her mother,2,1,0,1,0,0,0,1
When did Maria donate her car?,21 December 2022,2,1,0,0,0,0,0,0
What martial arts has John done?,"Kickboxing, Taekwondo",1,2,0,0,0,0,0,0
What type of volunteering have John and Maria both done?,Volunteering at a homeless shelter,1,2,0,0,0,0,0,0
When did John join the online support group?,The week before 1 January 2023,2,1,0,0,0,0,0,0
When did Maria go to the beach?,December 2022,2,1,0,0,0,0,0,0
Where has Maria made friends?,"homeless shelter, gym, church",1,4,0,0,0,0,0,0
What items des John mention having as a child?,"A doll, a film camera",1,2,0,0,0,0,0,0
What might John's financial status be?,Middle-class or wealthy,3,1,0,0,0,0,0,0
Who gave Maria's family money when she was younger and her family was going through tough times?,Her aunt,1,2,1,0,0,0,0,1
When did Maria meet Jean?,"February 24, 2023",2,1,0,0,0,0,0,0
What people has Maria met and helped while volunteering?,"David, Jean, Cindy, Laura",1,4,1,0,0,0,0,1
What test has John taken multiple times?,The military aptitude test,1,2,0,0,0,0,0,0
When did Maria's grandmother pass away?,The week before 6 March 2023,2,1,0,0,0,0,0,0
Would John be considered a patriotic person?,Yes,3,2,0,0,0,0,0,0
What writing classes has Maria taken?,"Poetry, creative writing",1,2,0,0,0,0,0,0
When did John get his degree?,The week before 2 April 2023,2,1,0,0,0,0,0,0
What might John's degree be in?,"Political science, Public administration, Public affairs",3,1,0,1,0,0,0,1
Who did John go to yoga with?,Rob,1,2,0,0,0,1,0,1
What damages have happened to John's car?,"Broken windshield, Car broke down",1,2,0,0,0,0,0,0
When did John take a road trip to the Pacific Northwest?,2022,2,2,1,1,0,0,0,1
What areas of the U.S. has John been to or is planning to go to?,"Pacific northwest, east coast",1,2,0,0,0,0,0,0
When did John go to a convention with colleagues?,March 2023,2,1,1,1,0,0,0,1
What desserts has Maria made?,"Banana split sundae, Peach cobbler",1,2,0,0,0,0,0,0
When did John start boot camp with his family?,April.2023,2,1,1,1,1,1,0,1
What European countries has Maria been to?,"Spain, England",1,2,0,0,0,0,0,0
What has Maria done to feel closer to her faith?,"Join a local church, buy a cross necklace",1,2,1,1,0,0,0,1
When did John have a party with veterans?,The Friday before 20 May 2023,2,1,0,0,0,0,0,0
What causes does John feel passionate about supporting?,"Veterans, schools, infrastructure",1,4,0,0,0,0,0,0
What events is Maria planning for the homeless shelter funraiser?,"Chili cook-off, ring-toss tournament",1,2,1,1,0,0,0,1
What shelters does Maria volunteer at?,"The homeless shelter, the dog shelter",1,3,0,0,0,0,0,0
When did John get his dog Max?,In 2013,2,1,0,0,0,0,0,0
What outdoor activities has John done with his colleagues?,"Hiking, mountaineering",1,2,0,0,0,0,0,0
What types of yoga has Maria practiced?,"Aerial, kundalini",1,3,0,0,0,0,0,0
When did Maria join a gym?,The week before 16 June 2023,2,1,0,0,0,0,0,0
What states has Maria vacationed at?,"Oregon, Florida",1,2,0,0,0,0,0,0
What music events has John attended?,"Live music event, violin concert",1,2,0,0,0,0,0,0
What events for veterans has John participated in?,"Petition, march, party, visiting veterans hospital, 5K charity run",1,5,1,1,0,0,0,1
When did Maria get in a car accident?,"July 2, 2023",2,1,0,0,0,0,0,0
Around which US holiday did Maria get into a car accident?,Independence Day,3,1,0,0,0,0,0,0
What are the names of John's children?,"Kyle, Sara",1,2,0,0,0,0,0,0
Does John live close to a beach or the mountains?,beach,3,1,0,0,0,0,0,0
What area was hit by a flood?,West County,1,2,1,1,1,1,1,1
When was John's old area hit with a flood?,The week before 7 July 2023,2,1,1,1,1,1,1,1
What activities has Maria done with her church friends?,"Hiking, picnic, volunteer work",1,3,1,1,0,0,0,1
Would John be open to moving to another country?,"No, he has goals specifically in the U.S. like joining the military and running for office.",3,2,0,0,0,0,0,0
When did Maria go hiking with her church friends?,The weekend before 22 July 2023,2,1,1,1,0,0,0,1
What exercises has John done?,"Weight training, Circuit training, Kickboxing, yoga",1,4,0,0,0,0,0,0
When did John have his first firefighter call-out?,The sunday before 3` July 2023,2,1,0,0,0,0,0,0
What food item did Maria drop off at the homeless shelter?,Cakes,1,2,0,0,0,0,0,0
What attributes describe John?,"Selfless, family-oriented, passionate, rational",3,4,0,0,0,0,0,0
When did Maria start volunteering at the homeless shelter?,Around August 2022,2,1,0,0,1,0,0,1
Who have written notes of gratitude to Maria?,"Cindy, Laura",1,2,0,0,1,1,1,1
When did John help renovate his hometown community center?,2022,2,1,1,1,0,0,0,1
When did Maria take up community work with her church friends?,"August 4, 2023",2,1,1,1,0,0,0,1
When did Maria receive a medal from the homeless shelter?,The week before 9 August 2023,2,1,1,1,0,0,0,1
When did John participate in a 5K charity run?,first weekend of August 2023,2,2,1,1,1,1,1,1
What causes has John done events for?,"Toy drive, Community food drive, veterans, domestic violence",1,4,0,0,0,0,0,0
When did Maria get Coco?,Two weeks before 11 August 2023,2,1,0,1,0,0,0,1
When did John go on a camping trip with Max?,The summer of 2022,2,1,1,1,0,1,0,1
What are Maria's dogs' names?,"Coco, Shadow",1,2,0,0,0,0,0,0
When did Maria adopt Shadow?,The week before 13 August 2023,2,1,0,0,0,0,0,0
How many dogs has Maria adopted from the dog shelter she volunteers at?,two,1,2,1,0,0,0,0,1
How many weeks passed between Maria adopting Coco and Shadow?,two weeks,2,2,1,1,0,1,0,1
What job might Maria pursue in the future?,"Shelter coordinator, Counselor",3,4,0,0,0,0,0,0
What is John's main focus in local politics?,Improving education and infrastructure,4,1,0,0,0,0,0,0
What sparked John's interest in improving education and infrastructure in the community?,Seeing how lack of education and crumbling infrastructure affected his neighborhood while growing up.,4,1,0,0,1,0,0,1
How did the extra funding help the school shown in the photo shared by John?,"Enabled needed repairs and renovations, making the learning environment safer and more modern for students.",4,1,0,0,1,0,0,1
What type of workout class did Maria start doing in December 2023?,aerial yoga,4,1,0,0,0,0,0,0
What did Maria donate to a homeless shelter in December 2023?,old car,4,1,0,0,0,0,0,0
What kind of meal did John and his family make together in the photo shared by John?,pizza,4,1,0,0,0,0,0,0
What kind of online group did John join?,service-focused online group,4,1,0,0,0,0,0,0
What kind of activities did John and his mates from the online group do as part of their service efforts?,"gave out food and supplies at a homeless shelter, organized a toy drive for kids in need",4,1,0,0,0,0,0,0
Who inspired Maria to start volunteering?,Her aunt,4,1,1,1,0,0,0,1
Why did Maria sit with the little girl at the shelter event in February 2023?,The girl seemed sad and had no other family,4,1,0,0,0,0,0,0
What did Jean go through before meeting Maria?,"divorce, job loss, homelessness",4,1,0,0,0,0,0,0
Why did John decide to run for office again?,saw the impact he could make in the community through politics,4,1,0,0,0,0,0,0
"What activity did John's colleague, Rob, invite him to?",beginner's yoga class,4,1,1,1,0,0,0,1
What is the name of John's one-year-old child?,Kyle,4,1,1,1,0,0,0,1
How often does John take his kids to the park?,A few times a week,4,1,0,0,0,1,0,1
What did Maria make for her home to remind her of a trip to England?,painting of a castle on a hill,4,1,0,1,0,1,0,1
Where did Maria get the idea for the castle shadow box in her home?,England,4,1,0,0,0,0,0,0
What did John receive a certificate for?,completion of a university degree,4,1,0,0,0,0,0,0
What areas is John particularly interested in for policymaking?,education and infrastructure,4,1,1,1,0,0,0,1
"What did Maria participate in last weekend before April 10, 2023?",a 5K charity run,4,1,0,0,0,0,0,0
What event did John volunteer at last weekend?,career fair at a local school,4,1,1,0,0,0,0,1
What did John do that put a strain on his wallet?,His car broke down,4,1,1,1,0,0,0,1
Where did John explore on a road trip last year?,Pacific Northwest,4,1,0,0,0,0,0,0
What topic has John been blogging about recently?,politics and the government,4,1,0,0,0,0,0,0
Why did John start blogging about politics and policies?,raise awareness and start conversations to create positive change,4,1,0,0,0,0,0,0
What was the focus of John's recent research and writing on his blog?,education reform and infrastructure development,4,1,0,0,0,0,0,0
What did John attend with his colleagues in March 2023?,a tech-for-good convention,2,1,0,0,0,0,0,0
How often does John work out with his family?,Three times a week,4,1,0,0,0,0,0,0
How has John's fitness improved since starting boot camps with his family?,"More energy, gains in strength and endurance",4,1,0,0,0,0,0,0
What kind of food did Maria have on her dinner spread iwth her mother?,"Salads, sandwiches, homemade desserts",4,1,0,0,0,0,0,0
What activity did Maria and her mom do together in May 2023?,Made dinner together,4,1,0,0,0,0,0,0
What did Maria do to feel closer to a community and her faith?,joined a nearby church,4,1,1,1,0,0,0,1
Why did Maria join a nearby church recently?,to feel closer to a community and her faith,4,1,1,1,0,0,0,1
What did John host for the veterans in May 2023 as part of the project?,a small party to share their stories,4,1,0,0,0,0,0,0
What did John and the veterans do during the small party?,share stories and make connections,4,1,1,1,0,1,0,1
What emotions did John feel during the small party with the veterans?,heartwarming,4,1,1,1,0,0,0,1
"What event is Maria getting ready for at the shelter on May 25, 2023?",fundraiser,4,1,1,1,0,0,0,1
What does Maria need to spread the word about for the fundraiser for the volunteer shelter?,chili cook-off,4,1,1,1,0,0,0,1
"What was the name of the pet that John had to say goodbye to on 3 June, 2023?",Max,4,1,1,1,0,0,0,1
How long was Max a part of John's family?,10 years,4,1,1,0,0,0,0,1
How does John plan to honor the memories of his beloved pet?,By considering adopting a rescue dog,4,1,0,0,0,0,0,0
What important values does John want to teach his kids through adopting a rescue dog?,Responsibility and compassion,4,1,1,1,1,1,1,1
"What new activity did Maria start recently, as mentioned on 3 June, 2023?",volunteering at a local dog shelter once a month,4,1,0,0,0,0,0,0
What did Maria say it was like being at the waterfall in Oregon?,Like being in a fairy tale,4,1,0,0,0,0,0,0
What does Maria say she feels when doing upside-down yoga poses?,Free and light,4,1,1,1,1,0,0,1
"What exciting news did Maria share on 16 June, 2023?",joined a gym,4,1,0,0,0,0,0,0
What yoga activity has Maria been trying to improve her strength and endurance?,kundalini yoga,4,1,1,1,0,1,0,1
What did John recently get promoted to?,assistant manager,4,1,0,0,0,0,0,0
What was one of the biggest challenges John faced in his journey to becoming assistant manager?,self-doubt,4,1,0,0,0,0,0,0
How does John describe the support he received during his journey to becoming assistant manager?,having support at home and his own grit,4,1,0,0,0,0,0,0
What kind of event did John and his family attend in June 2023?,live music event,4,1,0,0,0,0,0,0
Why did Maria need to help her cousin find a new place to live?,Her cousin had to leave and find a new place in a hurry.,4,1,1,1,0,0,0,1
What event did John participate in to show support for veterans' rights?,marching event,4,1,1,1,1,1,0,1
What inspired John to join the marching event for veterans' rights?,Respect for the military and the desire to show support,4,1,0,0,1,0,0,1
How often does John get to see sunsets like the one he shared with Maria?,At least once a week,4,1,0,0,0,1,0,1
"What natural disaster affected John's old area on 7 July, 2023?",Flood,4,1,0,0,0,1,1,1
How did the flood impact the homes in John's old area?,Lots of homes were ruined.,4,1,1,1,1,1,1,1
"What motivated Maria and John to discuss potential solutions for their community on 7 July, 2023?",Flood in John's old area,4,1,0,0,0,0,0,0
"What did Maria plan to do later on the evening of 7 July, 2023?",have dinner with friends from the gym,4,1,0,0,0,0,0,0
What kind of activities did Maria do at the picnic with her church friends?,played games like charades and a scavenger hunt,4,1,0,0,0,0,0,0
What does John appreciate about the veteran's hospital visit?,the resilience of the veterans and their inspiring stories,4,1,0,0,0,0,0,0
What did John take away from visiting the veteran's hospital?,appreciation for giving back,4,1,1,1,0,1,0,1
Why did John feel inspired to join the military after the visit to the hospital?,seeing the resilience of the veterans,4,1,1,0,0,0,0,1
In what activity did Maria and her church friends participate in July 2023?,hiking,4,1,0,0,0,0,0,0
What does John think about trying new classes at the yoga studio?,Trying new classes is a fun way to switch up the exercise routine.,4,1,1,1,0,0,0,1
Which activity has John done apart from yoga at the studio?,weight training,4,1,0,0,0,0,0,0
"What community service did Maria mention that she was involved in on 31 July, 2023?",volunteered at a homeless shelter,4,1,0,0,0,0,0,0
How did Maria start volunteering at the homeless shelter?,Witnessed a family struggling on the streets and reached out to the shelter,4,1,0,0,1,0,0,1
"What did John do the week before August 3, 2023 involving his kids?",Had a meaningful experience at a military memorial,4,1,0,0,0,0,0,0
How did John describe his kids' reaction at the military memorial?,awestruck and humbled,4,1,0,0,0,0,0,0
Why does Maria think it's important for younger generations to visit military memorials?,To remember and appreciate those who served,4,1,1,1,1,1,0,1
What does John believe is important for children regarding veterans?,Teaching them to respect and appreciate those who served,4,1,0,0,0,0,0,0
What happened to John's job in August 2023?,John lost his job at the mechanical engineering company.,4,1,0,1,0,1,0,1
What activity did Maria take up with her friends from church in August 2023?,community work,4,1,1,1,0,0,0,1
What did John do to help his community last year in his hometown?,Helped renovate a rundown community center.,4,1,0,0,0,0,0,0
What cause did the 5K charity run organized by John support?,veterans and their families,4,1,1,1,1,1,1,1
Who did John work with to raise awareness and funds for victims of domestic abuse?,a local organization,4,1,1,1,1,1,0,1
What recognition did Maria receive at the homeless shelter in August 2023?,a medal for volunteering,4,1,0,0,0,0,0,0
"What is the name of Maria's puppy she got two weeks before August 11, 2023?",Coco,4,1,1,1,0,1,0,1
What activity did John and Max enjoy together last summer?,Camping,4,1,1,1,0,0,0,1
How does John describe the camping trip with Max?,Peaceful and awesome,4,1,1,1,0,1,0,1
Why does John say he feels stuck and questioning his decisions and goals?,Not feeling like making much of an impact,4,1,1,1,0,0,0,1
What is the name of Maria's second puppy?,Shadow,4,1,0,0,0,0,0,0
How is Maria's new puppy adjusting to its new home?,doing great - learning commands and house training,4,1,0,0,0,0,0,0
What is John currently doing as a volunteer in August 2023?,mentoring students at a local school,4,1,0,0,0,0,0,0
What activities does John's family enjoy doing together?,"going for hikes, hanging out at the park, having picnics, playing board games, having movie nights",4,1,0,0,0,0,0,0
"What did the donations help John's community acquire on 16 August, 2023?",a brand new fire truck,4,1,0,0,0,0,0,0
Is it likely that Nate has friends besides Joanna?,Yesteammates on hisvideo game team.,3,1,0,0,0,0,0,0
What kind of interests do Joanna and Nate share?,"Watching movies, making desserts",1,7,1,1,1,0,0,1
"When did Joanna first watch ""Eternal Sunshine of the Spotless Mind?",2019,2,1,0,0,0,0,0,0
When did Nate win his first video game tournament?,"the week before 21Janury, 2022",2,1,1,1,0,0,0,1
What pets wouldn't cause any discomfort to Joanna?,"Hairless cats or pigs,since they don't have fur, which is one of the main causes of Joanna's allergy.",3,1,0,0,0,0,0,0
What are Joanna's hobbies?,"Writing, watchingmovies, exploringnature, hanging withfriends.",1,2,1,1,1,0,0,1
How long has Nate had his first two turtles?,three years,2,1,0,0,0,0,0,0
When did Joanna finish her first screenplay?,"The Friday before 23January, 2022",2,1,0,0,0,0,0,0
When did Nate get his first two turtles?,2019,2,1,0,0,0,0,0,0
What major achievement did Joanna accomplish in January 2022?,finished her screenplay and printed it,2,1,0,0,0,0,0,0
What emotions is Joanna feeling about  the screenplay she submitted?,"Relief, excitement,worry, hope,anxiety.",1,2,0,0,0,0,0,0
What is Joanna allergic to?,"Most reptiles,animals with fur,cockroaches, dairy",1,3,1,1,0,0,0,1
What underlying condition might Joanna have based on her allergies?,asthma,3,2,0,0,0,0,0,0
When did Joanna have an audition for a writing gig?,"23 March, 2022.",2,1,1,1,0,0,0,1
What nickname does Nate use for Joanna?,Jo,3,1,0,0,0,0,0,0
When did Nate get purple hair?,"The week before 15April, 2022.",2,1,1,1,0,0,0,1
What physical transformation did Nate undergo in April 2022?,dyed his hair purple,2,2,0,0,0,0,0,0
"What movie did Joanna watch on 1 May, 2022?",Lord of the Rings,2,1,0,0,0,0,0,0
Which outdoor spot did Joanna visit in May?,Whispering Falls waterfall,2,1,0,0,0,0,0,0
How many times has Joanna found new hiking trails?,twice,1,2,1,1,0,1,0,1
When did Nate adopt Max?,May 2022,2,1,0,0,0,0,0,0
Who was the new addition to Nate's family in May 2022?,Max,2,1,1,1,0,0,0,1
When did Joanna start writing her third screenplay?,May 2022,2,2,1,0,0,0,0,1
Which of Joanna's screenplay were rejected from production companies?,"first screenplay on drama and romance, third screenplay on loss identity and connection",1,5,1,1,1,1,0,1
When is Nate hosting a gaming party?,"The weekend after 3June, 2022.",2,1,1,1,0,0,0,1
When did Joanna hike with her buddies?,"The weekend after 3June, 2022.",2,1,0,0,0,0,0,0
When did Nate win his third tourney?,"The week before 3June, 2022",2,1,0,0,0,0,0,0
What places has Joanna submitted her work to?,"film contest, film festival.",1,2,0,0,0,0,0,0
When did Nate make vegan icecream and share it with a vegan diet group?,"The Friday before 24June, 2022.",2,1,1,1,1,1,0,1
When is Joanna going to make Nate's ice cream for her family?,"The weekend of 24June, 2022.",2,1,0,1,0,0,0,1
What kind of writings does Joanna do?,"Screenplays,books, online blog posts, journal",1,4,0,0,0,0,0,0
When did Nate win his fourth video game tournament?,"The Friday before 10July, 2022.",2,1,1,1,0,0,0,1
Where did Joanna travel to in July 2022?,Woodhaven,2,1,0,0,0,0,0,0
When did someone write Joanna a touching letter?,"The week before 14August, 2022.",2,1,0,0,0,0,0,0
What book recommendations has Joanna given to Nate?,"""Little Women"",'A Court of Thorns andRoses'.",1,3,0,0,0,0,0,0
When did Nate take time off to chill with his pets?,"The weekend of 22August, 2022.",2,1,1,1,0,0,0,1
When did Joanna share her book with her writers group?,"The week before 22August, 2022.",2,1,1,1,0,0,0,1
When did Nate win an international tournament?,"21 August, 2022",2,1,1,1,0,0,0,1
When did Joanna make a desert with almond milk?,"The Friday before 14September, 2022",2,1,1,1,0,0,0,1
When did Nate attend a cooking show?,"The Monday before 14September, 2022",2,1,0,0,0,0,0,0
When did Joanna's laptop crash?,"The week before 14September, 2022",2,1,1,1,1,1,0,1
When did Joanna make a chocolate tart with raspberries?,"5 October, 2022",2,1,0,0,0,0,0,0
What movies have both Joanna and Nate seen?,"""Little Women"", ""Lord of the Rings""",1,3,0,0,0,0,0,0
How long did it take for Joanna to finish writing her book?,four months,2,2,0,0,0,0,0,0
When did Nate win a lot of money in a video game tournament?,September 2022,2,1,1,1,0,0,0,1
When did Joanna finish up the writing for her book?,"The week before 6October, 2022",2,1,0,0,0,0,0,0
What board games has Nate played?,"Chess, Catan.",1,2,0,0,0,0,0,0
What places has Nate met new people?,A tournament and agaming convention.,1,2,1,0,0,0,0,1
When did Nate go to a convention and meet new people?,"The Friday before 9October, 2022.",2,1,0,0,0,0,0,0
How many times has Joanna's scripts been rejected?,Twice,1,2,0,0,1,0,0,1
What is something Nate gave to Joanna that brings her a lot of joy?,stuffed toy pup,1,2,0,0,0,0,0,0
When did Nate get Tilly for Joanna?,"25 May, 2022",1,2,0,0,0,0,0,0
How many of Joanna's writing have made it to the big screen?,two,1,2,0,0,0,0,0,0
How many times has Nate taken his turtles on a walk?,Twice.,1,2,1,1,1,1,0,1
When was Joanna's second movie script shown on the big screens?,"The Sunday before 25October, 2022.",2,1,0,0,0,0,0,0
What is Joanna inspired by?,"Personal experiences,her own journey ofself discovery, Nate,nature, validation,stories about findingcourage and takingrisks, people she knows, stuff she sees, imagination",1,6,0,0,0,0,0,0
What animal do both Nate and Joanna like?,Turtles.,1,2,0,0,0,0,0,0
When did Joanna plan to go over to Nate's and share recipes?,"5 November, 2022.",2,1,0,0,0,0,0,0
What things has Nate reccomended to Joanna?,"A pet,""The Lord of the Rings"" movies,a dragon book series,coconut flavoring,""Project Hail Mary"" book,Xenoblade Chronicles, dairy-free margarine, coconut oil",1,7,0,0,0,0,0,0
What does Joanna do to remember happy memories?,"Hangs them on a corkboard, writes themin a notebook.",1,2,0,0,0,0,0,0
What Console does Nate own?,"A Nintendo Switch; since the game ""Xenoblade 2"" is made for this console.",3,1,0,0,0,0,0,0
What mediums does Nate use to play games?,"Gamecube, PC,Playstation.",1,3,0,0,0,0,0,0
How many letters has Joanna recieved?,Two,1,2,0,0,0,0,0,0
What video games does Nate play?,"Valorant, Counter Strike:Global Offensive,Xenoblade Chronicles, StreetFighter, Cyberpunk 2077",1,5,0,0,0,0,0,0
When did Nate win a big Valorant tourney?,"The Saturday before 7November, 2022",2,1,0,1,0,0,0,1
Which torunament did Nate win in the beginning of November 2022?,Valorant,2,1,0,0,0,0,0,0
What alternative career might Nate consider after gaming?,"an animalkeeper at a localzoo and workingwith turtles; as heknows a great dealabout turtles andhow to care for them,and he enjoys it.",3,4,0,0,0,0,0,0
What pets does Nate have?,A dog and threeturtles.,1,3,0,0,0,0,0,0
How many hikes has Joanna been on?,Four,3,4,0,0,0,0,0,0
How many turtles does Nate have?,Three,1,2,0,0,0,0,0,0
What activities does Nate do with his turtles?,"takes them onwalks, holds them,feeds themstrawberries, givesthem baths.",1,3,0,0,0,0,0,0
What do both Joanna and Nate appreciate the beauty of?,Nature,1,2,1,0,0,0,0,1
When did Joanna plan on going to Nate's to watch him play with his turtles?,"10 November, 2022",2,1,0,0,0,0,0,0
What state did Joanna visit in summer 2021?,Indiana,3,1,0,0,0,0,0,0
What recommendations has Nate received from Joanna?,"""Eternal Sunshine of the Spotless Mind"" movie, ""A Court of Thorns and Roses"" book, pointers for making living room comfy, starting a cork board for memories, ""Little Women"" movie",1,7,0,0,0,0,0,0
What are Nate's favorite desserts?,"coconut milk icecream, dairy-free chocolate cake with berries, chocolate and mixed-berry icecream, dairy-free chocolate mousse",1,4,0,0,0,0,0,0
How has Nate tried to disburse his vegan ice-cream recipes?,"teaching others, cooking show",1,2,1,1,0,1,0,1
When did Nate win his second tournament?,"The week before 2 May, 2022.",2,1,1,1,0,0,0,1
How many video game tournaments has Nate participated in?,nine,1,9,1,1,0,0,0,1
How many screenplays has Joanna written?,three,1,5,0,1,0,0,0,1
How many tournaments has Nate won?,seven,1,7,1,1,0,0,0,1
What recipes has Joanna made?,"dairy free vanilla cake with strawberry filling and coconut cream frosting, parfait, strawberry chocolate cake, chocolate coconut cupcakes, chocolate raspberry tart, chocolate cake with raspberries, blueberry cheesecake bars",1,9,1,0,0,0,0,1
What recipes has Nate made?,"coconut milk icecream, chocolate and vanilla swirl",1,2,0,0,0,0,0,0
What are the skills that Nate has helped others learn?,"coconut milk ice cream recipe, reset high scores, tips to improve gaming skills",1,3,0,0,0,0,0,0
Was the first half of September 2022 a good month career-wise for Nate and Joanna? Answer yes or no.,No; because both of them faced setbacks in their career,3,2,1,0,0,0,0,1
What kind of job is Joanna beginning to preform the duties of because of her movie scripts?,filmmaker.,3,1,0,0,0,0,0,0
When did Nate take his turtles to the beach?,"10 November, 2022",2,1,1,0,0,0,0,1
What state did Nate visit?,Florida,3,1,0,0,0,0,0,0
What is one of Joanna's favorite movies?,"""Eternal Sunshineof the Spotless Mind""",4,3,0,0,0,0,0,0
What color did Nate choose for his hair?,purple,4,2,1,1,0,0,0,1
What is Nate's favorite movie trilogy?,Lord of the Rings,4,1,0,0,0,0,0,0
What is Nate's favorite book series about?,dragons,4,1,0,0,0,0,0,0
What kind of lighting does Nate's gaming room have?,red and purple lighting,4,1,0,0,0,0,0,0
What game was the second tournament that Nate won based on?,Street Fighter,4,2,1,1,0,0,0,1
What is Joanna's third screenplay about?,"loss, identity, and connection",4,2,1,1,0,0,0,1
What is Nate's favorite video game?,Xenoblade Chronicles,4,2,0,0,0,0,0,0
What type of movies does Nate enjoy watching the most?,action and sci-fi,4,1,0,0,0,0,0,0
"What did Joanna just finish last Friday on 23 January, 2022?",screenplay,4,1,0,0,0,0,0,0
What genre is Joanna's first screenplay?,drama and romance,4,1,0,0,0,0,0,0
What are Joanna's plans for her finished screenplay in January 2022?,submit it to film festivals and get producers and directors to check it out,4,1,0,0,0,0,0,0
For how long has Nate had his turtles?,3 years,4,1,0,0,0,0,0,0
What did Nate think of the coconut milk ice cream he made?,"Super good, rich and creamy",4,1,0,0,0,0,0,0
Which dairy-free dessert flavors does Nate enjoy?,chocolate and mixed berry,4,1,0,0,0,0,0,0
"What did Joanna recently watch and recommend to Nate on February 7, 2022?","""Little Women""",4,1,0,0,0,0,0,0
"What is ""Little Women"" about according to Joanna?","Sisterhood, love, and reaching for your dreams",4,1,1,1,0,0,0,1
"What flavor of ice cream did Nate make for his friend on 25 February, 2022?",chocolate and vanilla swirl,4,1,0,0,0,0,0,0
"What inspired Joanna's new screenplay on 25 February, 2022?",personal experiences and her own journey of self-discovery,4,1,0,0,0,0,0,0
Why does Nate like turtles as pets?,Their slow pace and calming nature,4,1,0,0,0,0,0,0
How does Nate describe the process of taking care of turtles?,"Not tough; keep their area clean, feed them properly, give them enough light.",4,1,0,0,0,0,0,0
What was Joanna's audition for?,writing gig,4,1,1,1,0,0,0,1
Why did Nate choose the hair color he did?,Bright and bold - like him,4,1,0,0,0,0,0,0
What are the main ingredients of the ice cream recipe shared by Nate?,"Coconut milk, vanilla extract, sugar, salt",4,1,0,0,1,0,0,1
What is Joanna's project called in the writers group?,"""Finding Home""",4,1,0,0,0,0,0,0
What is Nate's favorite genre of movies?,Fantasy and sci-fi,4,1,0,0,0,0,0,0
What kind of books does Nate enjoy?,Adventures and magic,4,1,0,0,0,0,0,0
What kind of films does Joanna enjoy?,Dramas and emotionally-driven films,4,1,1,1,0,0,0,1
Which activity helps Nate escape and stimulates his imagination?,watching fantasy and sci-fi movies,4,1,1,1,0,0,0,1
What filling did Joanna use in the cake she made recently in May 2022?,strawberry,4,1,0,0,0,0,0,0
What kind of frosting did Joanna use on the cake she made recently in May 2022?,coconut cream,4,1,0,0,0,0,0,0
What does Nate feel he could do when out in cool places like Whispering Falls?,write a whole movie,4,1,1,1,0,0,0,1
What creative activity does Nate joke about pursuing after being inspired by their hikes with Jo?,Start thinking about a drama and publish a screenplay,4,1,0,0,0,0,0,0
Who invited Nate to join her on the trails sometime?,Joanna,4,1,1,1,0,0,0,1
"What did Nate do for Joanna on 25 May, 2022?",get her a stuffed animal,4,1,0,0,0,0,0,0
How does Nate describe the stuffed animal he got for Joanna?,A stuffed animal to remind you of the good vibes,4,1,1,1,0,0,0,1
What event is Nate organizing in June 2022?,A gaming party,4,1,0,0,0,0,0,0
Who did Nate plan to invite to his gaming party in June 2022?,"Tournament friends, old friends, teammates",4,1,0,0,0,0,0,0
What special items did Nate get for everyone at his gaming party?,Custom controller decorations,4,1,0,0,0,0,0,0
What did Joanna write yesterday that appeared on the big screen?,screenplay bits,4,1,1,1,0,0,0,1
What superhero is Joanna a fan of?,Spider-Man,4,1,0,1,0,0,0,1
Which superhero toy figure does Nate share a photo of?,Iron Man,4,1,0,0,0,0,0,0
What is displayed on Joanna's cork board for motivation and creativity?,"inspiring quotes, photos, and little keepsakes",4,1,1,1,1,1,0,1
What does the photo on Joanna's cork board remind her of?,love and encouragement from her family,4,1,1,1,0,1,0,1
What did Nate make and share with his vegan diet group?,vegan ice cream,4,1,1,1,0,0,0,1
How many people attended the gaming party hosted by Nate in June 2022?,7,4,1,0,1,0,0,0,1
What recipe Nate offer to share with Joanna?,vegan ice cream recipe,4,1,0,0,0,0,0,0
What did Joanna plan to do with the recipe Nate promised to share?,make it for her family,4,1,0,0,0,0,0,0
"How many video game tournaments has Nate won by July 10, 2022?",Four,4,1,0,0,0,1,0,1
Where did Joanna go for a road trip for research?,Woodhaven,4,1,0,0,0,0,0,0
What did Joanna discover at the library in Woodhaven?,cool old book collection,4,1,1,1,0,0,0,1
What specific themes are explored in Joanna's new book?,"loss, redemption, and forgiveness",4,1,0,0,0,0,0,0
What inspired Joanna's new script in July 2022?,Woodhaven's interesting past and people,4,1,0,0,0,0,0,0
What did Nate do while Joanna was on her road trip?,Won a video game tournament,4,1,0,0,0,0,0,0
What does Nate do that he loves and can make money from?,Competing in video game tournaments,4,1,0,0,0,0,0,0
How did Joanna feel when someone wrote her a letter after reading her blog post?,Touched,4,1,1,1,0,0,0,1
What kind of impact does Joanna hope to have with her writing?,share her stories and hopefully have an impact,4,1,0,0,0,0,0,0
What kind of content did Joanna share that someone wrote her a letter about?,A blog post about a hard moment in her life,4,1,1,1,0,0,0,1
What motivates Joanna to keep writing even on tough days?,Knowing that her writing can make a difference,4,1,1,0,0,0,0,1
What type of ice cream does Joanna mention that Nate makes and is delicious?,Coconut milk ice cream,4,1,0,0,1,1,0,1
How did Nate feel about sharing his love for dairy-free desserts with Joanna?,Happy to share,4,1,0,0,0,0,0,0
What did Joanna share with her writers group in August 2022?,her book,4,1,1,1,0,0,0,1
How did Joanna celebrate after sharing her book with her writers group?,making a delicious treat,4,1,0,0,0,0,0,0
How did Nate celebrate winning the international tournament?,Taking time off to chill with pets,4,1,0,0,0,0,0,0
Why is Joanna experimenting with dairy-free options in her dessert recipes?,lactose intolerance,4,1,1,0,1,0,0,1
What substitution does Nate suggest for butter in dairy-free baking?,dairy-free margarine or coconut oil,4,1,1,1,1,1,0,1
What type of show did Nate host where he taught vegan ice cream recipes?,a cooking show,4,1,1,1,1,1,0,1
What is Nate's favorite dish from the cooking show he hosted?,Coconut milk ice cream,4,1,0,0,0,0,0,0
What is one of Nate's favorite dairy-free treats besides coconut milk ice cream?,dairy-free chocolate mousse,4,1,1,1,0,1,0,1
"What dessert did Joanna share a photo of that has an almond flour crust, chocolate ganache, and fresh raspberries?",chocolate raspberry tart,4,1,1,1,1,0,0,1
What kind of cake did Joanna share a photo of that she likes making for birthdays and special days?,chocolate cake with raspberries,4,1,0,0,0,0,0,0
"What two main ingredients are part of the dessert Joanna shared a photo of with blueberries, coconut milk, and a gluten-free crust?",blueberries and coconut milk,4,1,1,1,1,1,0,1
"What movie did Nate recently watch and enjoy on October 6, 2022?",Little Women,4,1,0,0,0,0,0,0
What did Joanna make for one of the ladies at her writing club?,a bookmark,4,1,1,1,0,0,0,1
"What game did Nate play at the game convention he attended on 9 October, 2022?",Catan,4,1,0,0,0,0,0,0
What movie has Nate recently seen that blew his mind?,"""Inception""",4,1,1,1,0,0,0,1
"What game has Nate been playing nonstop with a futuristic setting and gameplay on October 9, 2022?",Cyberpunk 2077,4,1,1,1,1,1,0,1
What did Nate share a photo of when mentioning unwinding at home?,a bookcase filled with dvds and movies,4,1,0,0,0,0,0,0
How did Joanna describe the classic movie he watched?,gripping with great actors,4,1,1,1,0,0,0,1
What does Joanna recommend to make a living room comfy like hers?,"couch for multiple people, fluffy blanket, lights that can be dimmed",4,1,0,0,0,0,0,0
What helps Joanna stay focused and brings her joy?,stuffed animal dog named Tilly,4,1,1,1,0,0,0,1
What does Joanna do while she writes?,have a stuffed animal dog named Tilly with her,4,1,0,0,0,0,0,0
Why did Joanna name the stuffed animal dog Tilly?,after a dog she had in Michigan,4,1,0,0,1,0,0,1
What does Joanna do after receiving a rejection from a production company?,keep grinding and moving ahead,4,1,0,0,0,0,0,0
How does Nate feel about Joanna's ability to bounce back from setbacks?,respect Joanna for being able to bounce back,4,1,1,1,0,0,0,1
What encouragement does Nate give to Joanna after her setback?,"rejections don't define her, keep grinding and she'll find the perfect opportunity",4,1,0,0,0,0,0,0
What does Nate rely on for cheer and joy?,his turtles,4,1,0,0,0,0,0,0
What does Joanna use to remember her dog from Michigan?,naming a stuffed animal dog Tilly,4,1,1,1,1,0,0,1
"What did Joanna contribute to that was shown on the big screen on the Sunday before October 25, 2022?",movie script,4,1,1,1,0,0,0,1
What inspires Joanna to create drawings of her characters?,visuals to help bring the characters alive in her head so she can write better,4,1,0,0,0,0,0,0
Where does Joanna get her ideas for the characters from?,"people she knows, things she saw, her imagination",4,1,0,0,0,0,0,0
"How did Joanna feel on October 25, 2022 about seeing her characters come alive on the big screen?",surreal and cool,4,1,1,1,0,0,0,1
What type of diet do Nate's turtles have?,"combination of vegetables, fruits, and insects",4,1,0,0,1,1,1,1
What ingredient did Nate use to make the ice cream lactose-free?,coconut milk,4,1,0,1,1,1,0,1
What did Joanna find in old notebooks last week that prompted her to reflect on her progress as a writer?,early writings,4,1,0,1,0,0,0,1
"What game is Nate currently playing and recommends to others on November 7, 2022?","""Xenoblade Chronicles""",4,1,0,0,0,0,0,0
What did Joanna receive from her brother that brought back childhood memories?,a handwritten letter,4,1,0,0,0,0,0,0
"What is the type of game ""Xenoblade Chronicles"" that Nate is playing?",fantasy RPG,4,1,0,0,0,0,0,0
"What dish did Nate make on 9 November, 2022?",Homemade coconut ice cream,4,1,0,0,0,0,0,0
"What project is Joanna working on in her notebook on November 9, 2022?",A suspenseful thriller set in a small Midwestern town,4,1,1,0,0,0,0,1
"What is Nate creating for YouTube on 9 November, 2022?",gaming content,4,1,1,1,1,0,0,1
What inspired Nate to start making gaming videos?,Love of gaming and connecting with others who enjoy it too,4,1,0,0,0,0,0,0
What new content is Nate creating for YouTube?,Gaming videos,4,1,1,1,1,1,0,1
What advice does Joanna give to Nate about making YouTube videos?,Watch other people's videos to understand what the audience likes,4,1,0,1,1,1,0,1
What did Joanna take a picture of near Fort Wayne last summer?,Sunset,4,1,1,1,0,1,0,1
What inspired Joanna to take a picture of the sunset in the field near Fort Wayne?,The incredible sunset and surrounding beauty,4,1,1,1,1,1,0,1
Why did Nate get a third turtle?,He saw another one at a pet store and wanted to get it,4,1,0,0,1,0,0,1
What does Nate want to do when he goes over to Joanna's place?,Watch one of Joanna's movies together or go to the park,4,1,0,0,0,0,0,0
What did Nate take to the beach in Tampa?,turtles,4,1,1,1,0,0,0,1
What does Nate love most about having turtles?,They make him feel calm and don't require much looking after,4,1,0,0,0,0,0,0
What did Nate share a photo of as a part of his experimentation in November 2022?,colorful bowls of coconut milk ice cream,4,1,0,0,0,0,0,0
what are John's goals with regards to his basketball career?,"improve shooting percentage, win a championship",1,3,0,0,0,1,0,1
What are John's goals for his career that are not related to his basketball skills?,"get endorsements, build his brand, do charity work",1,2,0,0,0,0,0,0
What items does John collect?,"sneakers, fantasy movie DVDs, jerseys",1,3,1,1,0,0,0,1
Would Tim enjoy reading books by C. S. Lewis or John Greene?,C. S.Lewis,3,3,0,0,0,0,0,0
What books has Tim read?,"Harry Potter, Game of Thrones, the Name of the Wind, The Alchemist, The Hobbit, A Dance with Dragons, and the Wheel of Time.",1,7,0,0,0,0,0,0
"Based on Tim's collections, what is a shop that he would enjoy visiting in New York city?",House of MinaLima,3,1,0,0,0,0,0,0
In which month's game did John achieve a career-high score in points?,June 2023,2,1,1,0,1,1,0,1
Which geographical locations has Tim been to?,"California, London, the Smoky Mountains",1,3,0,0,0,0,0,0
Which outdoor gear company likely signed up John for an endorsement deal?,Under Armour,3,2,1,1,0,1,0,1
Which endorsement deals has John been offered?,"basketball shoes and gear deal with Nike, potential sponsorship with Gatorade, Moxie a popular beverage company, outdoor gear company",1,4,0,1,0,0,0,1
When was John in Seattle for a game?,"early August, 2023",2,2,1,1,0,0,0,1
What sports does John like besides basketball?,surfing,1,4,0,0,0,0,0,0
What year did John start surfing?,2018,2,1,0,1,0,1,0,1
What does Tim do to escape reality?,Read fantasy books.,1,2,1,1,0,0,0,1
What kind of writing does Tim do?,"comments on favorite books in a fantasy literature forum, articles on fantasy novels, studying characters, themes, and making book recommendations, writing a fantasy novel",1,4,0,0,0,0,0,0
Who is Anthony?,"likely John's friend, colleague or family",3,1,0,1,0,1,0,1
After how many weeks did Tim reconnect with the fellow Harry Potter fan from California?,three weeks,2,2,1,1,1,1,0,1
How many games has John mentioned winning?,6,1,5,0,0,0,0,0,0
What authors has Tim read books from?,"J.K. Rowling, R.R. Martin, Patrick Rothfuss, Paulo Coelho, and J. R. R. Tolkien.",1,7,0,0,0,0,0,0
What is a prominent charity organization that John might want to work with and why?,"Good Sports, because they work with Nike, Gatorade, and Under Armour and they aim toprovide youth sports opportunities for kids ages 3-18 in high-need communities.",3,3,1,1,0,0,0,1
Which city was John in before traveling to Chicago?,Seattle,2,4,1,1,1,1,0,1
Which US cities does John mention visiting to Tim?,"Seattle, Chicago, New York",1,3,1,1,0,0,0,1
When did John meet with his teammates after returning from Chicago?,"August 15, 2023",2,1,0,0,0,0,0,0
When is Tim attending a book conference?,September 2023,2,1,1,0,1,1,0,1
Where was John between August 11 and August 15 2023?,Chicago,2,3,0,0,0,0,0,0
What similar sports collectible do Tim and John own?,signed basketball,1,4,0,0,0,0,0,0
Which TV series does Tim mention watching?,"That, Wheel of Time",1,3,0,0,1,1,0,1
Which popular time management technique does Tim use to prepare for exams?,Pomodoro technique,3,2,0,0,1,1,0,1
Which popular music composer's tunes does Tim enjoy playing on the piano?,John Williams,3,2,1,1,1,1,0,1
What schools did John play basketball in and how many years was he with his team during high school?,"Middle school, high school, and college and he was with his high school team for 4 years.",1,2,1,1,0,1,0,1
Which cities has John been to?,"Seattle, Chicago, New York, and Paris.",1,4,0,1,0,0,0,1
What month did Tim plan on going to Universal Studios?,"September, 2023",2,1,1,1,0,0,0,1
Which US states might Tim be in during September 2023 based on his plans of visiting Universal Studios?,California or Florida,3,1,1,1,0,0,0,1
When does John plan on traveling with his team on a team trip?,"October, 2023",2,1,0,0,1,1,0,1
What could John do after his basketball career?,become a basketball coach since he likes giving back and leadership,3,3,0,0,0,0,0,0
What outdoor activities does John enjoy?,"Hiking, surfing",1,2,0,0,0,0,0,0
Who is Tim and John's favorite basketball player?,LeBron James,1,3,0,0,0,0,0,0
Which week did Tim visit the UK for the Harry Potter Conference?,"The week before October 13th, 2023.",2,1,1,1,1,1,0,1
which country has Tim visited most frequently in his travels?,UK,1,3,0,0,0,0,0,0
What year did Tim go to the Smoky Mountains?,2022,2,1,1,1,1,1,0,1
Has Tim been to North Carolina and/or Tennesee states in the US?,Yes,2,1,0,0,0,0,0,0
What kind of fiction stories does Tim write?,Fantasy stories with plot twists,1,2,0,0,0,0,0,0
What has John cooked?,"Soup, a slow cooker meal, and honey garlic chicken with roasted veg.",1,4,0,0,0,0,0,0
What does John like about Lebron James?,"His heart, determination, skills, and leadership.",1,2,0,0,1,1,0,1
When did John and his wife go on a European vacation?,"November, 2023.",2,1,1,1,0,1,0,1
Which country was Tim visiting in the second week of November?,UK,2,1,0,0,0,0,0,0
Where was Tim in the week before 16 November 2023?,UK,2,1,0,0,0,0,0,0
When did John get married at a greenhouse?,last week of September 2023,2,1,0,0,0,0,0,0
When did John get an ankle injury in 2023?,"around November 16, 2023",1,1,0,0,0,0,0,0
How many times has John injured his ankle?,two times,1,2,0,0,0,0,0,0
Which book was John reading during his recovery from an ankle injury?,The Alchemist,1,2,0,0,0,0,0,0
What kind of yoga for building core strength might John benefit from?,Hatha Yoga,3,1,0,0,0,0,0,0
What does John do to supplement his basketball training?,"Yoga, strength training",1,2,0,0,0,1,0,1
What other exercises can help John with his basketball performance?,"Sprinting, long-distance running, and boxing.",3,2,0,0,0,1,0,1
When did John take a trip to the Rocky Mountains?,2022,2,1,1,1,0,0,0,1
When did John start playing professionally?,"May, 2023",2,2,1,1,0,0,0,1
When did Tim start playing the violin?,August 2023,2,1,0,0,0,0,0,0
What instruments does Tim play?,"piano, violin",1,2,0,0,0,0,0,0
When did John attend the Harry Potter trivia?,August 2023.,2,2,1,1,1,1,0,1
Which career-high performances did John achieve in 2023?,"highest point score, highest assist",1,2,0,0,0,0,0,0
When did John achieve a career-high assist performance?,"December 11, 2023",2,1,0,0,0,0,0,0
What books has John read?,"inpsiring book on dreaming big, The Alchemist, fantasy series, non-fiction books on personal development, Dune",1,6,0,0,0,0,0,0
What does John do to share his knowledge?,"gives seminars, mentors younger players.",1,2,0,0,0,0,0,0
When did John organize a basketball camp for kids?,summer 2023,2,1,1,1,1,1,0,1
Which month was John in Italy?,"December, 2023",2,1,1,1,0,0,0,1
What fantasy movies does Tim like?,"Lord of the Rings, Harry Potter, and Star Wars.",1,5,0,0,0,0,0,0
What is a Star Wars book that Tim might enjoy?,Star Wars: Jedi Apprentice by Judy Blundell and David Farland. It is a highly rated and immersive series about his favorite movies.,3,2,1,1,1,1,0,1
What would be a good hobby related to his travel dreams for Tim to pick up?,Writing a travel blog.,3,4,0,0,0,0,0,0
What day did Tim get into his study abroad program?,"Januarty 5, 2024",2,1,1,1,1,1,0,1
When will Tim leave for Ireland?,"February, 2024",2,1,1,0,1,1,0,1
Which Star Wars-related locations would Tim enjoy during his visit to Ireland?,"Skellig Michael, Malin Head, Loop Head, Ceann Sibéal, and Brow Head because they are Star Wars filming locations.",3,3,1,1,0,0,0,1
"Which team did John sign with on 21 May, 2023?",The Minnesota Wolves,4,1,0,0,0,0,0,0
What is John's position on the team he signed with?,shooting guard,4,1,0,0,0,0,0,0
What challenge did John encounter during pre-season training?,fitting into the new team's style of play,4,1,1,1,1,1,0,1
What aspects of the Harry Potter universe will be discussed in John's fan project collaborations?,"characters, spells, magical creatures",4,1,1,1,1,1,0,1
What forum did Tim join recently?,fantasy literature forum,4,1,0,0,0,0,0,0
What kind of picture did Tim share as part of their Harry Potter book collection?,MinaLima's creation from the Harry Potter films,4,1,1,0,1,1,0,1
What was the highest number of points John scored in a game recently?,40 points,4,1,1,1,1,1,0,1
What did John celebrate at a restaurant with teammates?,a tough win,4,1,0,0,0,0,0,0
What kind of deals did John sign with Nike and Gatorade?,"basketball shoe and gear deal with Nike, potential sponsorship deal with Gatorade",4,1,1,1,1,1,0,1
Which city is John excited to have a game at?,Seattle,4,1,0,0,0,0,0,0
How long has John been surfing?,five years,4,1,0,1,0,1,0,1
How does John feel while surfing?,super exciting and free-feeling,4,1,0,0,0,0,0,0
What kind of articles has Tim been writing about for the online magazine?,"different fantasy novels, characters, themes, and book recommendations",4,1,0,0,0,0,0,0
Which two fantasy novels does Tim particularly enjoy writing about?,Harry Potter and Game of Thrones,4,1,0,0,0,0,0,0
What did Anthony and John end up playing during the charity event?,an intense Harry Potter trivia contest,4,1,1,1,1,0,0,1
What did John share with the person he skyped about?,Characters from Harry Potter,4,1,0,0,0,0,0,0
How did John describe the team bond?,Awesome,4,1,1,1,1,1,0,1
How did John get introduced to basketball?,Dad signed him up for a local league,4,1,0,0,0,0,0,0
What is John's number one goal in his basketball career?,Winning a championship,4,1,1,1,0,1,0,1
What organization is John teaming up with for his charity work?,A local organization helping disadvantaged kids with sports and school,4,1,1,1,0,0,0,1
When did John meet back up with his teammates after his trip in August 2023?,Aug 15th,4,1,1,0,0,0,0,1
What did John's teammates give him when they met on Aug 15th?,a basketball with autographs on it,4,1,0,1,0,0,0,1
Why did John's teammates sign the basketball they gave him?,to show their friendship and appreciation,4,1,0,0,0,0,0,0
What is the main intention behind Tim wanting to attend the book conference?,to learn more about literature and create a stronger bond to it,4,1,1,1,1,1,0,1
What new activity has Tim started learning in August 2023?,play the piano,4,1,0,0,0,0,0,0
Which movie's theme is Tim's favorite to play on the piano?,"""Harry Potter and the Philosopher's Stone""",4,2,1,1,1,1,0,1
"What special memory does ""Harry Potter and the Philosopher's Stone"" bring to Tim?",Watching it with his family,4,1,1,1,1,1,0,1
Which movie does Tim mention they enjoy watching during Thanksgiving?,"""Home Alone""",4,1,1,0,1,1,0,1
What tradition does Tim mention they love during Thanksgiving?,Prepping the feast and talking about what they're thankful for,4,1,1,1,1,1,0,1
How long did John and his high school basketball teammates play together?,Four years,4,1,1,1,0,1,0,1
How was John's experience in New York City?,Amazing,4,1,0,0,0,0,0,0
"What did John say about NYC, enticing Tim to visit?","It's got so much to check out - the culture, food - you won't regret it.",4,1,0,0,1,0,0,1
What kind of soup did John make recently?,tasty soup with sage,4,2,0,1,0,0,0,1
What spice did John add to the soup for flavor?,sage,4,1,1,1,0,0,0,1
What is Tim excited to see at Universal Studios?,The Harry Potter stuff,4,1,0,0,0,0,0,0
Where are John and his teammates planning to explore on a team trip?,a new city,4,1,1,1,0,1,0,1
What city did Tim suggest to John for the team trip next month?,"Edinburgh, Scotland",4,1,0,0,0,0,0,0
What does John want to do after his basketball career?,"positively influence and inspire others, potentially start a foundation and engage in charity work",4,1,0,0,0,0,0,0
What advice did Tim give John about picking endorsements?,"Ensure they align with values and brand, look for companies that share the desire to make a change and help others, make sure the endorsement feels authentic",4,1,1,1,1,1,0,1
What book recommendation did Tim give to John for the trip?,A fantasy novel by Patrick Rothfuss,4,1,0,0,0,0,0,0
What type of venue did John and his girlfriend choose for their wedding ceremony?,Greenhouse,4,1,0,0,0,0,0,0
What was the setting for John and his wife's first dance?,Cozy restaurant,4,1,1,0,0,1,0,1
Which basketball team does Tim support?,The Wolves,4,1,0,0,0,0,0,0
What passion does Tim mention connects him with people from all over the world?,passion for fantasy stuff,4,1,1,0,0,0,0,1
How does John describe the game season for his team?,intense with tough losses and great wins,4,1,0,0,0,0,0,0
How does John say his team handles tough opponents?,by backing each other up and not quitting,4,1,1,1,0,1,0,1
"What motivates John's team to get better, according to John?",facing tough opponents,4,1,0,0,0,0,0,0
What did John's team win at the end of the season?,a trophy,4,1,0,0,0,0,0,0
Where did Tim capture the photography of the sunset over the mountain range?,Smoky Mountains,4,1,0,0,0,1,0,1
How does John feel about being seen as a mentor by some of the younger players?,It feels great,4,1,0,0,0,0,0,0
What does John find rewarding about mentoring the younger players?,"Seeing their growth, improvement, and confidence",4,1,1,1,1,1,0,1
What has John been able to help the younger players achieve?,reach their goals,4,1,0,0,0,0,0,0
What genre is the novel that Tim is writing?,Fantasy,4,1,1,0,0,0,0,1
Who is one of Tim's sources of inspiration for writing?,J.K. Rowling,4,1,1,0,0,0,0,1
What J.K. Rowling quote does Tim resonate with?,"""Turn on the light - happiness hides in the darkest of times.""",4,1,1,1,0,1,0,1
What does John write on the whiteboard to help him stay motivated?,motivational quotes and strategies,4,1,1,1,1,1,0,1
What hobby is a therapy for John when away from the court?,Cooking,4,1,1,1,0,0,0,1
What type of meal does John often cook using a slow cooker?,honey garlic chicken with roasted veg,4,2,0,0,1,1,0,1
How will John share the honey garlic chicken recipe with the other person?,write it down and mail it,4,1,0,0,0,0,0,0
"What was Tim's huge writing issue last week,as mentioned on November 6, 2023?",He got stuck on a plot twist,4,1,1,1,0,0,0,1
What does Tim have that serves as a reminder of hard work and is his prized possession?,a basketball signed by his favorite player,4,1,1,1,0,0,0,1
Why do Tim and John find LeBron inspiring?,LeBron's determination and the epic block in Game 7 of the '16 Finals,4,2,0,0,1,1,0,1
How did John describe the views during their road trip out on the European coastline?,Spectacular,4,1,1,1,1,1,0,1
"What is one of Tim's favorite fantasy TV shows, as mentioned on November 11, 2023?","""That""",4,1,1,1,0,0,0,1
How does Tim stay motivated during difficult study sessions?,Visualizing goals and success,4,1,1,1,1,1,0,1
"What did Tim say about his injury on 16 November, 2023?",The doctor said it's not too serious,4,1,0,0,0,0,0,0
"What was the setback Tim faced in his writing project on 21 November, 2023?",Story based on experiences in the UK didn't go as planned,4,1,0,0,0,0,0,0
How did John overcome his ankle injury from last season?,stayed focused on recovery and worked hard to strengthen his body,4,1,1,1,1,1,0,1
What motivated Tim to keep pushing himself to get better in writing and reading?,Love for writing and reading,4,1,1,1,0,0,0,1
How did John overcome a mistake he made during a big game in basketball?,Worked hard to get better and focused on growth,4,1,0,0,1,1,0,1
What book did John recently finish rereading that left him feeling inspired and hopeful about following dreams?,The Alchemist,4,1,1,1,0,0,0,1
"How did ""The Alchemist"" impact John's perspective on following dreams?",made him think again about following dreams and searching for personal legends,4,1,1,1,1,1,0,1
What is John trying out to improve his strength and flexibility after recovery from ankle injury?,yoga,4,1,1,1,0,0,0,1
How long does John usually hold the yoga pose he shared with Tim?,30-60 seconds,4,1,0,0,1,0,0,1
"Where was the forest picture shared by John on December 1,2023 taken?",near his hometown,4,1,0,1,0,0,0,1
What did Tim recently start learning in addition to being part of a travel club and working on studies?,an instrument,4,1,1,1,1,1,0,1
What instrument is Tim learning to play in December 2023?,violin,4,1,0,0,0,0,0,0
"How long has Tim been playing the piano for, as of December 2023?",about four months,4,1,0,0,0,0,0,0
"What book did Tim just finish reading on 8th December, 2023?","""A Dance with Dragons""",4,1,0,0,0,0,0,0
"Which book did Tim recommend to John as a good story on 8th December, 2023?","""A Dance with Dragons""",4,1,1,1,0,0,0,1
"What is the topic of discussion between John and Tim on 11 December, 2023?",Academic achievements and sports successes,4,3,0,1,0,0,0,1
What kind of game did John have a career-high in assists in?,basketball,4,1,1,1,0,0,0,1
What was John's way of dealing with doubts and stress when he was younger?,practicing basketball outside for hours,4,1,1,1,0,0,0,1
How did John feel about the atmosphere during the big game against the rival team?,electric and intense,4,1,0,0,0,0,0,0
How did John feel after being able to jog without pain?,It was a huge success.,4,1,1,0,0,1,0,1
What kind of deal did John get in December?,Deal with a renowned outdoor gear company,4,1,0,0,0,0,0,0
Where was the photoshoot done for John's gear deal?,In a gorgeous forest,4,1,1,1,0,0,0,1
In which area has John's team seen the most growth during training?,Communication and bonding,4,1,1,1,0,1,0,1
What type of seminars is John conducting?,Sports and marketing seminars,4,1,0,0,0,0,0,0
What activity did Tim do after reading the stories about the Himalayan trek?,visited a travel agency,4,1,0,0,0,0,0,0
What is one cause that John supports with his influence and resources?,youth sports and fair chances in sports,4,1,0,0,0,0,0,0
What new fantasy TV series is Tim excited about?,"""The Wheel of Time""",4,1,0,0,1,1,0,1
Which language is Tim learning?,German,4,1,0,0,1,1,0,1
What language does Tim know besides German?,Spanish,4,1,1,1,0,1,0,1
What book did Tim get in Italy that inspired him to cook?,a cooking book,4,1,0,1,1,1,0,1
What is John's favorite book series?,Harry Potter,4,1,1,0,0,0,0,1
"According to John, who is his favorite character from Lord of the Rings?",Aragorn,4,1,1,1,0,0,0,1
Why does John like Aragorn from Lord of the Rings?,"brave, selfless, down-to-earth attitude",4,1,0,0,1,1,0,1
What kind of painting does John have in his room as a reminder?,a painting of Aragorn,4,1,1,1,0,0,0,1
What is the painting of Aragorn a reminder for John to be in everything he does?,be a leader,4,1,1,0,0,0,0,1
What map does Tim show to his friend John?,a map of Middle-earth from LOTR,4,1,0,0,1,0,0,1
Where will Tim be going for a semester abroad?,Ireland,4,1,1,1,1,1,0,1
Which city in Ireland will Tim be staying in during his semester abroad?,Galway,4,1,0,0,1,1,0,1
What charity event did John organize recently in 2024?,benefit basketball game,4,1,0,0,0,0,0,0
What achievement did John share with Tim in January 2024?,endorsement with a popular beverage company,4,1,0,0,0,0,0,0
What was Johns's reaction to sealing the deal with the beverage company?,"crazy feeling, sense of accomplishment",4,1,0,0,0,0,0,0
Which city did John recommend to Tim in January 2024?,Barcelona,4,1,0,0,0,0,0,0
Which year did Audrey adopt the first three of her dogs?,2020,2,1,0,0,0,0,0,0
When did Andrew start his new job as a financial analyst?,"The week before March 27, 2023",2,1,1,1,1,1,0,1
What kind of indoor activities has Andrew pursued with his girlfriend?,"boardgames, volunteering at pet shelter, wine tasting, growing flowers",1,4,0,0,0,0,0,0
What kind of places have Andrew and his girlfriend checked out around the city?,"cafes, new places to eat, open space for hikes, pet shelter, wine tasting event, park",1,8,1,1,0,0,0,1
When did Audrey make muffins for herself?,The week of April 3rd to 9th,2,1,0,0,0,0,0,0
When did Audrey see a hummingbird?,first week of May 2023,2,1,0,0,1,1,0,1
When did Audrey adopt Pixie?,"around April 2, 2023",2,1,0,0,1,1,0,1
How many years passed between Audrey adopting Pixie and her other three dogs?,three years,2,2,0,0,1,1,0,1
Did Andrew have a pet dog during March 2023?,No,2,1,0,0,0,0,0,0
What kind of classes or groups has Audrey joined to take better care of her dogs?,"positive reinforcement training workshop to bond with pets, dog training course, agility training course, grooming course, dog-owners group",1,5,1,0,0,0,0,1
When did Audrey's positive reinforcement training course for dogs take place?,"June, 2023",2,1,0,0,0,0,0,0
When did Andrew go rock climbing?,"June 11, 2023",2,1,0,0,0,0,0,0
What outdoor activities has Andrew done other than hiking in nature?,"rock climbing, fishing, camping",1,3,0,0,0,0,0,0
When did Audrey move to a new place?,June 2023,2,1,1,0,0,0,0,1
What is something that Andrew really misses while working in the city?,being in nature,1,2,0,0,0,0,0,0
What is a shared frustration regarding dog ownership for Audrey and Andrew?,Not being able to find pet friendly spots.,1,2,0,0,0,0,0,0
When is Andrew going to go hiking with Audrey?,August,2,1,0,0,0,0,0,0
How many times did Audrey and Andew plan to hike together?,three times,1,3,0,0,0,0,0,0
Where did Audrey get Pixie from?,breeder,1,2,0,0,1,1,0,1
What is an indoor activity that Andrew would enjoy doing while make his dog happy?,cook dog treats,3,2,0,0,0,0,0,0
Which meat does Audrey prefer eating more than others?,chicken,3,2,0,0,0,0,0,0
What are the classes that Audrey took for her dogs to?,"Positive reinforcement training class for bonding, dog training course, agility class",1,3,0,0,0,0,0,0
Where did Andrew go during the first weekend of August 2023?,camping with girlfriend,2,1,0,0,0,0,0,0
What are some problems that Andrew faces before he adopted Toby?,Finding the right dog and pet-friendly apartments close to open spaces,1,4,0,0,0,0,0,0
Did Audrey and Andrew grow up with a pet dog?,Yes,1,2,0,0,0,0,0,0
When did Andrew and his girlfriend go fishing?,"weekend before August 24, 2023",2,1,1,1,1,1,0,1
What is the biggest stressor in Andrew's life besides not being able to hike frequently?,work,1,4,0,0,0,0,0,0
How does Andrew feel about his current work?,Stressful,1,4,0,0,0,0,0,0
What is something that Audrey often dresses up her dogs with?,Hats,1,3,0,0,0,0,0,0
What are the names of Audrey's dogs?,"Pepper, Precious, Panda, and Pixie",1,3,1,0,0,0,1,1
When is Andrew planning to go to the beach with his girlfriend?,November 2023,2,1,0,0,1,1,0,1
What has Andrew done with his dogs?,Taking walks and hiking,1,2,0,0,0,0,0,0
What kind of tattoo does Audrey have on her arm?,Tattoos of her four dogs.,1,3,1,1,1,1,0,1
What can Andrew potentially do to improve his stress and accomodate his living situation with his dogs?,Change to a hybrid or remote job so he can move away from the city to the suburbs to have a larger living space and be closer to nature.,3,3,0,0,0,0,0,0
How many months passed between Andrew adopting Toby and Buddy?,three months,2,2,0,0,0,0,0,0
What are the names of Andrew's dogs?,"Toby, Scout, Buddy",1,3,0,0,1,1,0,1
What are some foods that Audrey likes eating?,"chicken pot pie, chicken roast, blueberry muffins, sushi",1,4,0,0,0,0,0,0
When did Audrey get into an accident in the park?,"between October 19 and 24, 2023",2,1,0,0,0,0,0,0
When did Andrew and his girlfriend go on a wine tasting trip?,"the weekend before October 24, 2023",2,1,1,1,0,0,0,1
What did Audrey get wtih having so many dogs?,Companionship,1,2,0,0,0,0,0,0
What is a good place for dogs to run around freely and meet new friends?,The dog park,1,3,0,0,0,0,0,0
What are the breeds of Audrey's dogs?,Mongrel mixed with Lab for Pepper and Panda. Mongrel mixed with Chihuahua for Precious and Pixie.,1,2,1,0,0,0,0,1
What technique is Audrey using to discipline her dogs?,Positive reinforcement,1,2,0,0,0,0,0,0
Which US state do Audrey and Andrew potentially live in?,Minnesota,3,1,0,0,0,0,0,0
Which national park could Audrey and Andrew be referring to in their conversations?,Voyageurs National Park,3,2,1,1,0,0,0,1
"How many pets will Andrew have, as of December 2023?",three,2,3,0,0,0,0,0,0
"How many pets did Andrew have, as of September 2023?",one,2,2,0,0,0,0,0,0
How many months passed between Andrew adopting Buddy and Scout,one month,2,2,0,0,0,0,0,0
What does Andrew view his pets as?,Family,1,2,0,0,0,0,0,0
What does Audrey view her pets as?,Family,1,2,0,0,0,0,0,0
What is a skill that Audrey learned to take care of her dogs?,Grooming,1,2,0,0,0,0,0,0
What items has Audrey bought or made for her dogs?,"dog tags, toys, dog beds, collars",1,4,0,0,0,0,0,0
What is something that Andrew could do to make birdwatching hobby to fit in his city schedule?,Install a bird feeder outside where he can see the birds without going outdoors.,3,4,0,0,0,0,0,0
What is a career that Andrew could potentially pursue with his love for animals and nature?,Park ranger or a similar position working for the National Park Services.,3,4,0,0,0,0,0,0
What activity do Audrey's dogs like to do in the dog park?,"Play fetch with ball and frisbee, run around and meet other dogs",1,5,0,0,0,1,0,1
When did Andrew make his dogs a fun indoor area?,"few days before November 22, 2023",2,1,0,0,0,0,0,0
Has Andrew moved into a new apartment for his dogs?,No,1,2,0,0,0,0,0,0
When did Andrew adopt Scout?,few days before November 2023,2,1,0,0,0,0,0,0
"What did Audrey eat for dinner on October 24, 2023?",sushi,2,1,0,0,0,0,0,0
"How long has it been since Andrew adopted his first pet, as of November 2023?",4 months,2,1,0,0,0,0,0,0
How many dogs does Andrew have?,3,1,3,0,0,0,0,0,0
Which specific type of bird mesmerizes Andrew?,Eagles,4,1,0,0,1,0,0,1
What did Andrew express missing about exploring nature trails with his family's dog?,The peaceful moments,4,1,1,1,0,1,0,1
What kind of pastries did Andrew and his girlfriend have at the cafe?,"croissants, muffins, and tarts",4,1,0,0,0,0,0,0
What kind of flowers does Audrey have a tattoo of?,sunflowers,4,1,0,0,0,0,0,0
What does Audrey do during dog playdates in the park?,chat with people while dogs make new friends,4,1,0,0,0,1,0,1
What type of dog was Andrew looking to adopt based on his living space?,smaller dog,4,1,1,1,0,0,0,1
"Where does Andrew want to live to give their dog a large, open space to run around?",near a park or woods,4,1,1,1,1,1,0,1
Why did Audrey sign up for a workshop about bonding with pets?,Strengthen the bond with her pets,4,1,1,0,0,0,0,1
How did Audrey hear about the workshop on bonding with pets?,Saw a workshop flyer at the local pet store,4,1,0,0,0,1,0,1
What type of training was the workshop Audrey signed up for in May 2023?,Positive reinforcement training,4,1,1,0,0,1,0,1
How did Audrey describe she dog he met at the pet store?,Friendly and playful,4,1,1,1,0,0,0,1
Why did Audrey think positive reinforcement training is important for pets?,To have pets learn how to behave in a positive way,4,1,1,1,1,1,0,1
What challenge is Andrew facing in their search for a pet?,Finding a pet-friendly spot in the city,4,1,0,0,0,0,0,0
How does Andrew feel about their search for a pet-friendly place?,Discouraged but determined,4,1,0,0,1,0,0,1
What outdoor activities does Andrew plan on trying after the rock climbing class?,kayaking and bungee jumping,4,1,1,1,1,1,0,1
How long does Audrey typically walk her dogs for?,about an hour,4,1,0,0,1,1,0,1
"What did Audrey set up in the backyard for their dogs on June 26, 2023?",a doggy play area with agility stuff and toys,4,1,1,1,0,0,0,1
"What did Audrey and her friends stumble across during a hike a few years back, as mentioned on June 26, 2023?",a stunning lake in the mountains,4,1,1,0,0,0,0,1
"What is Audrey's favorite recipe that she shares with Andrew on 3 July, 2023?",Chicken Pot Pie,4,1,1,0,0,0,0,1
"What dish is one of Audrey's favorite dishes that includes garlic and is shared with Andrew on 3 July, 2023?",Roasted Chicken,4,1,0,0,0,0,0,0
"What did Andrew and his GF do on the Monday before July 24, 2023?",volunteered at a pet shelter,4,1,1,1,0,0,0,1
What is the name of Audrey's childhood dog?,Max,4,1,1,0,0,0,0,1
"What special memories does Audrey have with her childhood dog, Max?","Long walks in the neighborhood, exploring new paths, sharing worries and hopes",4,1,0,0,0,0,0,0
What are some of the personalities of Audrey's four fur babies?,"oldest is relaxed, second is playful, third can be naughty but loves cuddles, youngest is full of life",4,1,0,0,0,0,0,0
"What type of classes did Audrey start with her pups recently on 4 August, 2023?",Agility classes,4,1,0,0,0,0,0,0
How often does Audrey take her pups to the park for practice?,Twice a week,4,1,0,0,0,0,0,0
How long did the trail hike that Audrey went on with her pups take?,Two hours,4,1,0,0,1,1,0,1
What advice did Audrey give to Andrew regarding grooming Toby?,"Grooming slowly and gently, paying attention to sensitive areas like ears and paws. And remember to stay patient and positive throughout the grooming process.",4,1,0,0,1,0,0,1
What is essential to keep the dogs looking good according to Audrey?,"Daily brushing, regular baths, nail trims, and lots of love",4,1,1,0,0,0,0,1
What did Audrey organize with the neighbors' dogs?,a doggy playdate,4,1,0,0,0,0,0,0
What did Audrey do to give her dogs extra comfort as the weather cooled down?,Got new beds for them,4,1,1,1,0,0,0,1
How does Audrey describe the new beds for her dogs?,Super cozy and comfy,4,1,0,0,0,0,0,0
How did Audrey calm down her dog after the leash incident?,"Petted, hugged, spoke calmly and slowly walked the dog",4,1,0,0,0,0,0,0
How often does Audrey take her dogs for walks?,Multiple times a day,4,1,0,0,0,0,0,0
What kind of flowers does Audrey take care of?,Peruvian Lilies,4,1,0,0,0,0,0,0
What did Andrew learn from reading books about ecological systems?,"about animals, plants, and ecosystems and how they work together",4,1,0,0,1,1,0,1
What did Andrew suggest as a way to reduce carbon footprint?,biking or using public transport,4,1,1,1,1,1,1,1
How does Andrew suggest helping the planet while also training the body?,by biking,4,1,1,1,1,1,1,1
"What did Audrey do with her pups over the weekend before 4th October, 2023?",Took them to the beach,4,1,1,1,0,0,0,1
What was the reason Audrey couldn't walk her dogs for a period of time?,Knee injury,4,1,1,0,0,0,0,1
What type of jewelry does Audrey make?,Jewelry made from recycled objects,4,1,0,0,1,0,0,1
Why does Audrey make jewelry out of recycled objects?,To show love for creativity and sustainability,4,1,1,1,1,1,0,1
What organization does Audrey donate a portion of his profits to?,Animal shelter,4,1,1,1,0,0,0,1
How does Audrey help out the animal shelter?,By donating a portion of his profits frmo selling jwelery,4,1,1,1,0,0,0,1
What type of games do Audrey's dogs like to play at the park?,Fetch and Frisbee,4,1,0,0,0,0,0,0
What did Audrey make to thank her neighbors?,Goodies,4,1,1,1,0,0,0,1
How do Audrey's dogs react to snow?,Confused,4,1,0,0,1,1,0,1
How does Audrey describe her dogs' response to snow?,"They definitely prefer nice, sunny days in the grass.",4,1,0,0,1,1,0,1
What kind of experiences are Audrey's dogs the best companions for?,Exploring the great outdoors,4,1,0,0,0,0,0,0
What activity do Andrew and Buddy enjoy doing together?,Walking,4,1,1,0,0,0,0,1
What do Andrew and Buddy like doing on walks?,Checking out new hiking trails,4,1,0,0,0,0,1,1
What cuisine did Andrew recently try at a new spot in town?,sushi,4,1,1,1,0,0,0,1
Which type of sushi did Audrey suggest trying first to someone new to sushi?,California or salmon roll,4,1,1,0,1,1,0,1
What type of date is Andrew going on Sunday?,picnic date,4,1,1,1,0,0,0,1
"What did Andrew and Audrey plan to do on the Saturday after October 28, 2023?",Go hiking,4,1,0,0,0,0,0,0
What aspect of autumn does Andrew find beautiful?,The autumn colors,4,1,1,1,1,1,1,1
What did Audrey do in November 2023 to better take care of her dogs?,Joined a dog owners group,4,1,0,0,0,0,0,0
How often does Audrey meet up with other dog owners for tips and playdates?,Once a week,4,1,1,1,0,1,0,1
What did Audrey share to show ways to keep dogs active in the city?,photography of a basket full of stuffed animals,4,1,0,0,0,0,0,0
What type of activities does Audrey suggest for mental stimulation of the dogs?,"puzzles, training, hide-and-seek",4,1,0,0,0,1,0,1
"What is Andrew planning to do with Scout, Toby, and Buddy?",Take them to a nearby park,4,1,1,1,0,1,0,1
What did Andrew get for Scout to create a safe and fun space for them?,"essentials like a bed, toys, and puppy pads",4,1,0,0,0,0,0,0
What are John's suspected health problems?,Obesity,3,1,0,0,0,0,0,0
"Which recreational activity was James pursuing on March 16, 2022?",bowling,2,1,0,0,0,0,0,0
Which places or events have John and James planned to meet at?,"VR Club, McGee's, baseball game",1,4,0,0,0,0,0,0
Do both James and John have pets?,No,1,2,1,0,0,0,0,1
When did John resume playing drums in his adulthood?,February 2022,2,1,0,0,0,0,0,0
What are John and James' favorite games?,"John's favorite game is CS:GO, and James's is Apex Legends.",1,2,0,0,0,0,0,0
Does James live in Connecticut?,Likely yes,3,1,0,0,0,0,0,0
In which state is the shelter from which James adopted the puppy?,Connecticut.,3,1,1,0,0,0,0,1
How many pets does James have?,Three dogs.,1,3,0,0,0,0,0,0
What are the names of James's dogs?,"Ned, Daisy, Max",1,2,0,0,0,0,0,0
When did James adopt Ned?,first week of April 2022,2,1,0,0,0,0,0,0
"How was John feeling on April 10, 2022?",seeking solitude,2,1,0,0,0,0,0,0
Did James have a girlfriend during April 2022?,Presumably not,3,1,0,0,0,0,0,0
When did James visit Italy?,In 2021,2,1,0,0,0,0,0,0
When did James buy himself a new adventure book?,"April 26, 2022",2,1,0,0,0,0,0,0
When did James start playing Civilization VI?,March 2022,2,1,0,0,0,0,0,0
What is the game with different colored cards that was John talking about with James?,UNO,3,1,1,1,1,1,0,1
What is the board game where you have to find the imposter that John mentions to James?,Mafia,3,1,0,0,1,0,0,1
Which books has John recommended to James?,"The Name of the Wind, Stormlight Archive, Kingkiller Chronicles, Expanse",1,2,0,0,0,0,0,0
Was James feeling lonely before meeting Samantha?,"Most likely yes, because he mentioned that the only creatures that gave him joy are dogs and he was actively trying to date.",3,1,0,0,0,0,0,0
How many charity tournaments has John organized till date?,two,1,2,0,0,0,0,0,0
When did John first organize a charity tournament with his friends?,"May 7, 2022",2,1,0,0,0,0,0,0
Who or which organizations have been the beneficiaries of John's charity tournaments?,"animal shelter, homeless, children's hospital",1,3,0,0,0,0,0,0
When will John start his new job?,"In July, 2022",2,1,0,0,0,0,0,0
What kind of games has James tried to develop?,"football simulator, virtual world inspired by Witcher 3",1,3,0,0,0,0,0,0
Are John and James fans of the same football team?,"No, James is a Liverpool fan and John is a Manchester City fan.",3,2,0,0,0,0,0,0
Which countries has James visited?,"Italy, Mexico, Turkey, Canada, Greenland",1,4,1,1,1,1,0,1
What kind of classes has James joined?,"game design course, cooking classes",1,2,0,0,0,0,0,0
When did James volunteer at an organization?,May 2022,2,1,0,0,0,0,0,0
When did James depart for his trip to Canada?,"July 11, 2022",2,1,0,0,0,0,0,0
Which country did James book tickets for in July 2022?,Canada,3,2,0,0,0,0,0,0
How many days did James plan to spend on his trip in Canada?,19 days,2,2,0,0,0,0,0,0
"Where was James at on July 12, 2022?","Toronto, Canada",2,1,0,0,0,0,0,0
Did John and James study together?,Yes,3,1,0,0,0,0,0,0
Which countries did James visit in July 2022?,"Canada, Greenland",1,2,0,0,0,0,0,0
What additional country did James visit during his trip to Canada?,Greenland,3,1,0,0,0,0,0,0
Who is Jill?,Most likely John's partner.,3,1,1,1,0,0,0,1
When did John spend time with his sister and dogs?,"July 21, 2022",2,1,1,1,0,0,0,1
What happened to John's job situation in 2022?,"quit his IT Job, secured his dream job, aspires to become an eSports competition organizer",1,3,0,0,0,0,0,0
When did John start his job in IT?,2019,2,1,0,0,0,0,0,0
What kind of tricks do James's pets know?,"swimming, catching frisbees, balancing on a skateboard, sit, stay, paw, and rollover",1,4,0,0,0,1,0,1
When did James meet Samantha?,"August 9, 2022",2,1,0,0,0,0,0,0
When did James take his 3 dogs to the beach?,"August 9, 2022",2,1,1,0,1,1,0,1
When did John plan his next meeting with his siblings?,"In September, 2022",2,1,1,0,0,0,0,1
Why didn't John want to go to Starbucks?,Possibly because he likes to drink beer on his days off.,3,2,1,1,1,1,0,1
What kind of beer does McGee's bar serve?,"Stout, lager",1,3,1,1,1,1,1,1
When did John and James meet at McGee's bar?,"August 27, 2022",2,1,1,1,1,1,0,1
When did James ask Samantha to be his girlfriend?,"September 3, 2022",2,1,0,0,0,0,0,0
"When did James, Samantha and John go to the baseball game together?","September 11, 2022",2,2,1,1,1,1,0,1
What gaming equipments did John buy or refurbish?,"Sennheiser headphones, Logitech mouse, gaming desk",1,3,0,0,1,1,0,1
When did James start taking cooking classes?,"September 2, 2022",2,1,0,0,1,1,0,1
Which new games did John start play during the course of the conversation with James?,"AC Valhalla, Witcher 3, FIFA 23, Dungeons of the Dragons, futuristic dystopian game",1,6,0,0,0,0,0,0
When did John start working on his 2D Adventure mobile game?,approximately summer of 2022,2,1,0,1,0,0,0,1
How long did it take for James to complete his Witcher-inspired game?,six months,2,2,0,0,0,0,0,0
What kind of programming-related events has John hosted?,"online programming competition, programming seminar",1,2,0,0,0,0,0,0
When did John and his programming friends host an online programming competition?,Last week before 13 October 2022.,2,1,0,0,0,1,0,1
Which of James's family members have visited him in the last year?,"mother, sister",1,2,0,0,0,0,0,0
When did James' mother and her friend visit him?,"October 19, 2022",2,1,1,1,0,0,0,1
When did James try Cyberpunk 2077 game?,"October 20, 2022",2,1,1,1,1,1,0,1
When did John and his gaming friends organize the charity tournament?,"On the night of October 30 to 31, 2022",2,1,0,0,0,0,0,0
What games has John played with his friends at charity tournaments?,"CS:GO, Fortnite, Overwatch and Apex Legends",1,3,0,0,0,0,0,0
What was James' big moment with Samantha in October 2023?,They decided to live together and rented an apartment not far from McGee's bar.,2,2,1,1,0,0,0,1
How long did James and Samantha date for before deciding to move in together?,nearly three months,2,3,1,1,1,1,0,1
"When did James, his family and his dogs start on a road trip together?","November 4, 2022",2,1,1,0,0,0,0,1
How long did John practice chess for before winning the chess tournament?,nearly four months,2,3,1,1,0,1,0,1
When did James and his family visit Mark and Josh?,"November 7, 2022",2,1,1,1,1,1,0,1
When did John work with a game developer on a project?,"November 5-6, 2022",2,1,1,1,0,0,0,1
What programming languages has James worked with?,Python and C++,4,1,0,0,1,0,0,1
What type of mobile application does James plan to build with John?,An app for dog walking and pet care,4,1,0,0,0,0,0,0
How does James plan to make his dog-sitting app unique?,By allowing users to customize their pup's preferences/needs,4,1,0,0,1,1,0,1
What has John mostly found with the metal detector so far?,bottle caps,4,1,1,0,1,0,0,1
What did James offer to do for John regarding pets?,help find the perfect pet,4,1,0,0,0,0,0,0
"What instrument is John learning to play as of 27 March, 2022?",Drums,4,2,1,1,0,0,0,1
"How long has John been playing the drums as of 27 March, 2022?",One month,4,1,0,0,0,0,0,0
What game did John play in an intense tournament at the gaming convention in March 2022?,CS:GO,4,1,1,0,0,0,0,1
What game was James playing in the online gaming tournament in April 2022?,Apex Legends,4,1,0,0,0,0,0,0
How does James communicate with his gaming team?,voice chat,4,1,1,1,1,0,0,1
What advice did James receive from the famous players he met at the tournament?,never put your ego above team success,4,1,0,0,0,0,0,0
What did James adopt in April 2022?,a pup,4,1,0,0,0,0,0,0
What is the name of the pup that was adopted by James?,Ned,4,1,0,0,0,0,0,0
Why did James embody the appearance of the game character from the woman he saw during a walk?,He found her appearance and eyes amazing.,4,1,0,1,0,0,0,1
What inspired James to create the game character in the virtual world?,Appearance of a woman he saw during a walk,4,1,0,0,0,0,0,0
Which country did James visit in 2021?,Italy,4,1,0,0,0,0,0,0
What impresses John about Japan?,Technologically advanced megacities and tasty street food,4,1,0,0,1,1,0,1
What kind of assignment was giving John a hard time at work?,Coding assignment,4,1,1,1,0,0,0,1
"What breed is Daisy, one of James' dogs?",Labrador,4,1,1,0,1,1,0,1
What type of pizza is James' favorite?,Pepperoni,4,1,0,0,0,1,0,1
What type of pizza is John's favorite?,Hawaiian,4,1,1,1,1,1,0,1
"What did John organize with his friends on May 8, 2022?",A tournament for CS:GO,4,1,0,0,0,0,0,0
What did John and his friends do with the remaining money after helping the dog shelter?,Bought groceries and cooked food for the homeless,4,1,1,1,1,1,0,1
What was the main goal of the money raised from the charity tournament organized by John and his friends in May 2022?,Raise money for a dog shelter,4,1,1,1,0,0,0,1
What did the system John created help the charitable foundation with?,"tracking inventory, resources, and donations",4,1,0,0,0,0,0,0
What did John create for the charitable foundation that helped generate reports for analysis?,computer application on smartphones,4,1,0,0,1,0,0,1
What did John receive for achieving second place in the tournament?,money and a trophy,4,2,1,1,1,1,0,1
What project is James working on in his game design course?,"a new part of the football simulator, collecting player databases",4,1,0,0,0,0,0,0
Who does James support in football matches?,Liverpool,4,1,0,0,0,0,0,0
Which football club does John support?,Manchester City,4,1,0,0,0,0,0,0
What disagreement do James and John have about their football teams?,debating on which team will perform better in the championship,4,1,0,1,0,0,0,1
What is Max good at doing according to James?,catching frisbees in mid-air,4,1,1,0,1,1,0,1
What is the main focus of the organization that James volunteered with?,providing necessary items to those who are less fortunate,4,1,1,1,0,0,0,1
Will there be an interview required to volunteer with the organization James volunteered for?,No,4,1,0,0,0,0,0,0
"How did John relax in his free time on 9 July, 2022?",Reading,4,1,0,0,0,0,0,0
What did James enjoy doing on cold winter days?,Reading while snuggled under the covers,4,1,1,1,0,0,0,1
"What new hobby did James become interested in on 9 July, 2022?",Extreme sports,4,1,0,0,0,0,0,0
Where did James plan to visit after Toronto?,Vancouver,4,1,1,1,1,1,0,1
When did James plan to return from his trip to Toronto and Vancouver?,July 20,4,1,1,1,0,0,0,1
What online game did John start playing recently for improving strategy?,Chess,4,1,0,0,0,0,0,0
What made John leave his IT job?,to focus on things that align with his values and passions,4,1,0,0,0,0,0,0
Which game tournaments does John plan to organize besides CS:GO?,Fortnite competitions,4,1,0,0,0,0,0,0
What happened to James's puppy during the recent visit to the clinic?,routine examination and vaccination,4,1,0,1,1,1,0,1
What game genre did John start exploring instead of shooters?,strategy and RPG games,4,1,1,1,1,1,0,1
"Which RPG game is John playing and enjoying on 10 August, 2022?",The Witcher 3,4,1,0,0,0,0,0,0
"What aspect of ""The Witcher 3"" does John find immersive?",shaping the world with choices,4,1,1,1,0,1,0,1
Whose phone number did James receive during the beach outing?,Samantha,4,1,1,1,0,0,0,1
What is James planning to do after receiving Samantha's phone number?,call her,4,1,1,1,0,0,0,1
What is John organizing with his siblings?,a gaming night,4,1,1,1,0,0,0,1
What type of beer does John not like?,dark beer,4,1,0,1,1,1,0,1
What were some difficulties James faced during the development of his game?,balancing mechanics and ensuring fairness,4,1,0,0,0,0,0,0
What has John been teaching his siblings?,coding,4,1,1,1,0,0,0,1
What kind of programs are John's siblings making?,basic games and stories,4,1,0,0,0,0,0,0
Which company's headphones did John choose for gaming?,Sennheiser,4,1,0,0,1,1,0,1
What did James and Samantha discover they both enjoy at McGee's bar?,Lager beer,4,1,1,1,1,1,0,1
How much does James pay per cooking class?,$10,4,1,1,0,1,1,0,1
What did James learn to make in the cooking class besides omelette and meringue?,Dough,4,1,1,1,1,1,0,1
Why did James sign up for a cooking class?,He wanted to learn something new,4,1,1,1,1,1,0,1
What did James prepare for the first time in the cooking class?,Omelette,4,1,1,1,1,1,0,1
What is the name of the board game John tried in September 2022?,Dungeons of the Dragon,4,1,0,0,0,1,0,1
Where does James get his ideas from?,"books, movies, dreams",4,1,0,0,0,0,0,0
What kind of dream did James have recently?,a dream with a medieval castle full of puzzles and traps,4,1,0,0,0,0,0,0
What kind of music does John like?,electronic and rock music,4,1,0,0,0,0,0,0
What instrument did James used to play when he was younger?,guitar,4,1,1,1,0,0,0,1
What did John use to play when he was younger to let off steam?,drums,4,1,1,1,1,1,0,1
What career milestone did John achieve recently in September 2022?,making his first mobile game,4,1,1,1,0,0,0,1
What type of game is John's upcoming mobile game?,2D adventure,4,1,0,0,0,0,0,0
What does John do to stay informed and constantly learn about game design?,watch tutorials and keep up with developer forums,4,1,1,1,1,1,0,1
What kind of gig was John offered at the game dev non-profit organization?,programming mentor for game developers,4,1,0,0,0,0,0,0
What does John feel about starting the journey as a programming mentor for game developers?,excited and inspired,4,1,0,0,0,0,0,0
What kind of games is James excited to play with his new video card?,RPGs,4,1,1,1,0,0,0,1
What inspired James to create his game?,Witcher 3,4,1,0,0,0,0,0,0
What sparked James' passion for gaming when he was a kid?,Super Mario and The Legend of Zelda games,4,1,1,1,0,0,0,1
What did James lose progress on due to a power outage?,a game,4,1,0,0,0,0,0,0
"What games were played at the gaming tournament organized by John on 31 October, 2022?","Fortnite, Overwatch, Apex Legends",4,2,0,1,0,0,0,1
"What was the purpose of the gaming tournament organized by John on 31 October, 2022?",To raise money for a children's hospital,4,2,0,0,0,0,0,0
"What decision did James and Samantha make on 31 October, 2022?",To move in together,4,2,0,1,0,0,0,1
"Where did James and Samantha decide to live together on 31 October, 2022?",In an apartment not far from McGee's bar,4,1,0,0,0,0,0,0
Why did James and Samantha choose an apartment near McGee's bar?,They love spending time together at the bar,4,1,1,1,0,1,0,1
"What game is John hooked on playing on 5 November, 2022?",FIFA 23,4,1,1,0,0,0,0,1
What did John suggest James practice before playing FIFA 23 together?,Control with a gamepad and timing,4,1,0,0,0,0,0,0
"What project did John work on with a game developer by 7 November, 2022?",An online board game,4,1,1,1,0,0,0,1
What is the name of John's cousin's dog?,Luna,4,1,0,0,0,0,0,0
What kind of project was Jolene working on in the beginning of January 2023?,electricity engineering project,2,1,0,0,0,0,0,0
Which of Deborah`s family and friends have passed away?,"mother, father, her friend Karlie",1,3,1,1,0,1,0,1
When did Deborah`s mother pass away?,a few years before 2023,2,1,0,0,0,0,0,0
When did Jolene`s mother pass away?,in 2022,2,1,0,0,0,0,0,0
When did Jolene's mom gift her a pendant?,in 2010,2,1,0,0,1,1,0,1
In what country did Jolene's mother buy her the pendant?,In France,3,1,1,1,1,1,0,1
What symbolic gifts do Deborah and Jolene have from their mothers?,pendants,1,2,0,0,0,0,0,0
Which country were Jolene and her mother visiting in 2010?,France,2,1,1,1,0,0,0,1
What helped Deborah find peace when grieving deaths of her loved ones?,"yoga, old photos, the roses and dahlias in a flower garden, nature",1,4,1,1,0,0,0,1
When did Deborah's father pass away?,"January 25, 2023",2,1,0,0,0,0,0,0
When was Deborah's parents' wedding?,in 1993,2,1,1,1,1,1,0,1
Is Deborah married?,yes,3,4,1,0,0,0,0,1
When did Deborah receive an appreciation letter from her community?,"January 26, 2023",2,1,0,0,0,0,0,0
What places give Deborah peace?,"sitting in a spot by the window in her Mom's house, sitting by the beach, Bali, forest trail in a nearby park",1,4,1,0,0,1,0,1
What were Deborah's mother's hobbies?,"reading, traveling, art, cooking",1,4,0,0,1,1,1,1
What pets does Jolene have?,snakes,4,3,0,0,0,0,0,0
What are the names of Jolene's snakes?,"Susie, Seraphim",4,2,0,1,0,1,0,1
When did Jolene buy her pet Seraphim?,in 2022,2,1,0,0,0,0,0,0
In what country did Jolene buy snake Seraphim?,In France,3,1,0,0,0,0,0,0
How many times has Jolene been to France?,two times,1,2,0,0,1,0,0,1
Which games have Jolene and her partner played together?,"Detroit, Walking Dead, Battlefield 1, It Takes Two, Overcooked 2",1,5,0,1,0,0,0,1
"When do Jolene and her partner plan to complete the game ""Walking Dead""?","Saturday after 27 January, 2023",2,1,1,1,1,1,0,1
When did Deborah meet Anna?,"31 January, 2023",2,1,0,0,0,0,0,0
Why did Jolene sometimes put off doing yoga?,She's more interested in playing video games,3,2,0,0,0,0,0,0
What new yoga poses did Deborah try?,"Warrior II, Dancer Pose (Natarajasana), Tree pose",1,3,0,0,1,0,1,1
What are Jolene's favorite books?,"Sapiens, Avalanche by Neal Stephenson",4,2,0,0,0,0,0,0
Which book did Jolene read in January 2023?,Avalanche by Neal Stephenson,2,1,0,0,0,0,0,0
When was Jolene in Bogota?,in summer 2022,2,1,1,1,0,0,0,1
In what country was Jolene during summer 2022?,Colombia,3,1,0,0,0,0,0,0
When did Jolene have a mini-retreat to reflect on her career?,"Wednesday before 9 February, 2023",2,1,1,1,0,0,0,1
When did Jolene have a dinner and drinks with her friends?,"21 February, 2023",2,1,1,1,0,0,0,1
When was the last photo of Deborah and Karlie taken?,in summer 2022,2,1,1,1,1,1,0,1
When was Deborah in Bali?,in 2022,2,1,1,1,1,1,0,1
How long have Jolene and her partner been together?,for three years,4,1,0,0,0,0,0,0
Which year did Jolene and her partner start dating?,2020,2,1,0,0,0,0,0,0
When did Deborah go for her first morning jog in a nearby park?,"24 February, 2023",2,1,1,1,0,0,0,1
How old is Jolene?,likely no more than 30; since she's in school,3,10,0,0,0,0,0,0
When did Jolene take Seraphim to the park?,"Sunday before 2 March, 2023",2,1,1,1,1,1,0,1
When did Deborah start the yoga class in the neighborhood?,"Friday before 13 March, 2023",2,1,0,0,0,1,0,1
What time management techniques do Deborah and Jolene use?,"the Pomodoro Technique - 25 minutes work and 5-minute break, scheduler or to-do list, The Eisenhower Matrix, bullet journal",1,5,1,0,1,1,0,1
Does Deborah live close to the beach or the mountains?,beach,3,1,0,0,0,0,0,0
What ways do Deborah and Jolene use to enhance their yoga practice?,"candles, music, essential oils",1,4,1,0,0,0,0,1
What music pieces does Deborah listen to during her yoga practice?,"Savana, Sleep",4,2,0,0,1,1,0,1
When did Deborah go for a bicycle ride with Anna?,"first week of April, 2023",2,1,0,0,0,0,0,0
When did Deborah go to an art show with Anna?,"on 9 April, 2023",2,1,0,0,0,0,0,0
When did Jolene finish her robotics project?,May 2023,2,1,0,0,0,0,0,0
How long did Jolene work on the robotics project given to her by her Professor?,four months,2,3,1,1,1,0,0,1
When did Jolene do yoga at Talkeetna?,"on 5 June, 2023",2,1,1,1,0,1,0,1
Which US state did Jolene visit during her internship?,Alaska,3,1,0,0,0,0,0,0
How long has Jolene been doing yoga and meditation?,about 3 years,4,1,0,0,0,0,0,0
Which year did Jolene start practicing yoga?,2020,2,1,0,0,0,0,0,0
When did Jolene buy a new aquarium for Seraphim?,"24 June, 2023",2,1,1,1,1,1,0,1
When did Jolene lose a lot of progress in her work?,last week of July 2023,2,1,0,0,0,0,0,0
When did Jolene adopt her snake Susie?,in 2021,2,2,1,1,0,0,0,1
Which pet did Jolene adopt first - Susie or Seraphim?,Susie,2,3,0,0,0,0,0,0
Which pet did Jolene adopt more recently - Susie or Seraphim?,Seraphim,2,3,0,0,0,0,0,0
When did Deborah lead a meditation session during the sunset?,"week before 16 August, 2023",2,1,1,0,0,0,0,1
When did Jolene gift her partner a new console?,"17 August, 2023",2,1,1,1,0,0,0,1
What games does Jolene recommend for Deborah?,"Zelda BOTW for Switch , Animal Crossing: New Horizons, Overcooked 2",4,2,0,0,0,0,0,0
What do Deborah and her husband do together?,"play detective games together, spend time outdoors and explore nature",4,2,0,0,0,0,0,0
When did Deborah go to a yoga retreat near her mom's place?,"a week before 24 August,2023",2,1,1,1,0,0,0,1
What projects is Jolene planning for next year?,developing renewable energy finding ways to supply clean water to those with limited access,4,2,0,0,1,0,0,1
Where did Deborah get her cats?,Luna is from the shelter and Max is her mother's cat,4,2,0,0,1,1,0,1
How old are Deborah's cats?,Max is 8 years old and Luna is 5 years old,4,2,1,1,1,1,0,1
Does Deborah like cats?,Yes,4,2,1,1,1,1,0,1
Which country was Jolene located in during the last week of August 2023?,Brazil,2,1,0,0,0,0,0,0
When did Jolene and her partner return home from Rio de Janeiro?,"29 August, 2023",2,1,1,1,0,0,0,1
What was Jolene doing with her partner in Rio de Janeiro?,"they went on excursions, checked out some cool yoga classes, visited a lot of delicious cafes, visited an old temple",4,4,1,1,1,1,0,1
When did Deborah visit Brazil?,2020,2,1,0,0,0,0,0,0
Have Deborah and Jolene been to Rio de Janeiro?,yes,4,3,1,1,1,1,0,1
Is the friend who wrote Deborah the motivational quote no longer alive?,likely yes,3,1,1,1,1,1,0,1
When did Deborah go to a community meetup?,last week of August 2023,2,1,0,0,0,0,0,0
When did Jolene's parents give her first console?,when she was 10,4,1,0,0,0,0,0,0
Did Jolene teach herself how to play the console?,yes,1,2,0,0,0,1,0,1
What do Deborah and Jolene plan to try when they meet in a new cafe?,coffee and fresh pastries,4,2,1,1,1,1,0,1
What card game is Deborah talking about?,Exploding Kittens,3,1,1,0,0,0,0,1
When did Jolene and her partner try scuba diving lessons?,"Friday before 17 September, 2023",2,1,1,1,0,0,0,1
Where did Jolene and her partner find a cool diving spot?,Phuket,1,2,0,0,0,0,0,0
Where did Jolene and her partner spend most of September 2023?,Phuket,2,1,0,0,0,0,0,0
Has Deborah tried surfing?,yes,1,2,0,0,0,0,0,0
Has Jolene tried surfing?,no,1,3,0,0,0,1,0,1
When did the Deboran and Jolene agree to go surfing?,in October 2023,2,1,0,0,0,0,0,0
Which locations does Deborah practice her yoga at?,"at her mother's old home, park, yoga studio, beach",1,5,1,0,1,0,0,1
What kind of professional activities does Jolene participate in to gain more experience in her field?,"present work at virtual conference, attend workshops  and intern at firms",1,2,0,0,0,0,0,0
What kind of engineering projects has Jolene worked on?,"electrical engineering, robotics, sustainable water purifier, productive and affordable aerial surveillance system",1,5,0,0,0,0,0,0
Which community activities have Deborah and Anna participated in?,"yoga, running",1,3,0,1,1,1,1,1
What gifts has Deborah received?,"an appreciate letter from her community, a flower bouqet from her friend, a motivational quote from a friend",1,5,1,1,0,0,0,1
Which countries has Deborah traveled to?,"Thailand, Brazil",1,2,0,0,0,0,0,0
What activities does Deborah pursue besides practicing and teaching yoga?,"biking, going to art shows, running, organizing workshops to practice mindfulness and self-care, surfing, gardening",1,5,0,0,0,0,0,0
What are the names of Jolene's snakes?,"Susie, Seraphim",4,2,0,1,0,1,0,1
What are Jolene's favorite books?,"Sapiens, Avalanche by Neal Stephenson",4,2,0,0,0,0,0,0
What music pieces does Deborah listen to during her yoga practice?,"Savana, Sleep",4,2,0,0,1,1,0,1
What games does Jolene recommend for Deborah?,"Zelda BOTW for Switch , Animal Crossing: New Horizons, Overcooked 2",4,2,0,0,0,0,0,0
What projects is Jolene planning for next year?,developing renewable energy finding ways to supply clean water to those with limited access,4,2,0,0,1,0,0,1
Where did Deborah get her cats?,Luna is from the shelter and Max is her mother's cat,4,2,0,0,1,1,0,1
How old are Deborah's cats?,Max is 8 years old and Luna is 5 years old,4,2,1,1,1,1,0,1
What was Jolene doing with her partner in Rio de Janeiro?,"they went on excursions, checked out some cool yoga classes, visited a lot of delicious cafes, visited an old temple",4,4,1,1,1,1,0,1
Have Deborah and Jolene been to Rio de Janeiro?,yes,4,3,1,1,1,1,0,1
When did Jolene's parents give her first console?,when she was 10,4,1,0,0,0,0,0,0
What do Deborah and Jolene plan to try when they meet in a new cafe?,coffee and fresh pastries,4,2,1,1,1,1,0,1
"What project did Jolene finish last week before 23 January, 2023?",an electrical engineering project,4,1,0,0,0,0,0,0
When did Jolene buy her pet snake?,A year ago,4,1,0,0,0,0,0,0
"What project was Jolene working on as of 1 February, 2023?",Robotics project,4,1,0,0,0,0,0,0
Where did Deborah meet her new neighbor Anna?,yoga in the park,4,1,0,0,0,0,0,0
What activity did Jolene and her partner plan to do together instead of resuming yoga?,play the console,4,1,0,0,0,0,0,0
"What milestone did Jolene achieve recently on 4 February, 2023?",Design and build a sustainable water purifier for a rural community,4,1,0,0,0,0,0,0
"What is Jolene's favorite book which she mentioned on 4 February, 2023?","""Sapiens""",4,1,0,0,0,0,0,0
What does Deborah bring with her whenever she comes to reflect on her mom?,amulet,4,1,1,0,0,0,0,1
"What new outlook did Jolene gain after her mini retreat on 9 February, 2023?",A confidence boost,4,1,0,0,0,0,0,0
"What cool stuff did Jolene accomplish at the retreat on 9 February, 2023?",Came up with neat solutions for her engineering project,4,1,0,0,0,0,0,0
"What idea did Jolene have to help underprivileged kids learn about STEM subjects on 9 February, 2023?",A volunteer program where engineers teach STEM to underprivileged kids,4,1,1,1,1,1,0,1
How does Jolene plan to involve local engineers in her idea of teaching STEM to underprivileged kids?,As guest speakers for workshops,4,1,1,1,1,1,0,1
What gave Deborah peace in the garden she visited?,Roses and dahlias,4,1,1,1,0,1,0,1
Why did Deborah spend time in the garden?,to find comfort after losing a friend,4,1,1,0,0,0,0,1
How did Jolene and her partner initially meet?,In an engineering class in college,4,1,0,0,0,0,0,0
What activity does Deborah incorporate into her daily routine after going for a morning jog in the park?,spending time with loved ones,4,1,1,1,1,1,0,1
"According to Jolene, what does exercise help her to feel?",connected to her body,4,1,1,1,1,1,0,1
"What did Deb share a photo of, which brought a smile to Jolene's face?",a yellow coffee cup with a handwritten message,4,1,0,0,0,0,0,0
What is one of Jolene's favorite dishes?,lasagna,4,1,1,1,0,0,0,1
What picture did Jolene share related to feeling overwhelmed?,a photo of a desk with a notebook and a computer monitor,4,1,1,0,0,0,0,1
What did Jolene and Deb discuss as a helpful strategy for studying and time management?,"breaking tasks into smaller pieces and setting goals, using planners or schedulers",4,1,0,0,1,1,0,1
"What did Jolene ask Deb to help with on 13 March, 2023?",time management,4,1,0,0,0,0,0,0
What method does Deb suggest Jolene to try for organizing tasks based on importance and urgency?,The Eisenhower Matrix,4,1,1,1,1,1,0,1
What did Jolene and Anna discuss while watching the sunset by the sea?,They realized they inspire each other,4,1,1,1,1,1,0,1
How does Jolene plan to pursue her dream of learning to surf?,"gathering information, watching videos, getting a beginners' guide",4,1,0,0,0,1,0,1
What did Deborah buy to enhance her yoga practice besides the props?,candle,4,1,0,0,0,0,0,0
What type of music does Deborah find helpful during her yoga practice?,instrumental tracks with mellow melodies and rhythms,4,1,1,0,1,0,0,1
Who are the musicians mentioned by Jolene that she enjoys listening to during her yoga practice?,Nils Frahm and Olafur Arnalds,4,1,0,0,0,0,0,0
What album does Deborah recommend for meditation and deep relaxation?,'Sleep',4,1,1,1,1,1,0,1
"Which show did Deborah go to with a friend on 9 April, 2023?",an art show,4,1,0,0,0,0,0,0
What does Deborah find comforting about going to art shows?,It makes her feel like she's still experiencing it with her mom,4,1,1,1,1,1,1,1
How does Jolene describe the time spent with her snakes and partner?,Valuable and relaxing,4,1,1,1,0,0,0,1
What does Jolene enjoy doing with her partner after a long day?,Playing video games,4,1,1,0,0,0,0,1
What is Jolene currently doing in June 2023?,interning at a well-known engineering firm,4,1,0,0,0,0,0,0
For how long has Jolene had Seraphim as a pet?,one year,4,1,0,0,0,0,0,0
How does Jolene feel when spending time with Seraphim?,comforted,4,1,0,0,0,0,0,0
Which new yoga pose did Deborah share a photo of?,tree pose,4,1,1,1,1,1,0,1
What group activity did Deborah start with Anna?,running group,4,1,1,1,1,1,1,1
What made being part of the running group easy for Deborah to stay motivated?,helping and pushing each other during runs,4,1,0,0,0,0,0,0
Why did Jolene decide to get a snake as a pet?,fascinated by reptiles and it felt like the perfect pet,4,1,0,0,0,0,0,0
What is the favorite game Jolene plays with her partner?,It takes two,4,1,0,0,0,0,0,0
What activity does Deborah do with her cats?,take them out for a run in the park every morning and evening,4,1,0,0,0,0,0,0
How does Jolene describe the feeling of finding her snake snuggled under the bed after it got out?,It really showed how much she loves her.,4,1,1,1,1,1,0,1
Why does Deborah take her cats out for a run in the park every day?,Exercise and nature are important to her,4,1,1,0,0,0,0,1
"How did Jolene come to have her pet, Susie?",She adopted her two years ago when feeling lonely.,4,1,0,0,0,0,0,0
What activities have been helping Jolene stay distracted during tough times?,"Video games and spending time with her pet, Susie",4,1,0,0,0,0,0,0
What kind of yoga routine does Deborah recommend to Jolene?,A gentle flow routine focused on breathing and grounding,4,1,0,0,0,0,0,0
What did Jolene design inspired by their love for space and engines?,Notebooks,4,1,1,1,0,0,0,1
What journal has Jolene been using to help track tasks and stay organized?,bullet journal,4,1,1,1,1,1,0,1
What game did Jolene recommend for being calming and cute?,Animal Crossing: New Horizons,4,1,1,1,0,0,0,1
What game did Jolene suggest as an awesome open-world game for the Nintendo Switch?,Zelda BOTW,4,1,1,1,1,1,0,1
What did Deborah and her husband use to play to bond and make memories?,video games,4,1,1,1,0,0,0,1
What is special about the bench at the park near Deborah's house?,It holds special memories of conversations with her mom,4,1,1,1,1,1,0,1
What did Deborah and her mom chat about at their special bench in the park?,dreams and life,4,1,0,1,0,0,0,1
What feeling does Deborah get when she thinks about the time spent with her mom at their special spot?,peace and gratitude,4,1,1,1,0,0,0,1
What habits does Jolene practice to feel balanced?,"yoga, meditation, walks, and mindfulness",4,1,0,0,0,0,0,0
Which yoga pose is Jolene a fan of for rest and calmness?,savasana (the corpse pose),4,1,1,0,0,0,0,1
How long has Jolene been doing yoga?,3 years,4,1,0,0,0,0,0,0
What did Jolene participate in recently that provided her with a rewarding experience?,presenting at a virtual conference,4,1,0,0,0,0,0,0
How did Jolene feel after receiving positive feedback at the virtual conference?,thrilled and rewarded,4,1,0,0,0,0,0,0
What kind of event did Jolene present at recently?,virtual conference,4,1,0,0,0,0,0,0
"What did Jolene's mom stress the value of, which she wants to keep in mind for her engineering projects?",Helping others,4,1,1,1,1,1,0,1
What type of projects is Jolene interested in getting involved in the future?,Sustainable initiatives and developing innovative solutions for environmental issues,4,1,1,0,0,0,0,1
"How did Deborah get Luna, one of her cats?",From the shelter,4,1,0,0,1,1,0,1
How old is Max?,8 years old,4,1,1,1,0,0,0,1
"What type of classes did Jolene and her partner check out during their trip to Rio de Janeiro on 30 August, 2023?",Yoga classes,4,1,1,1,1,1,0,1
What type of place does Jolene visit to meditate?,A tranquil spot by a pond,4,1,1,1,1,1,0,1
"What was the new plant Jolene got used as a reminder for on 30 August, 2023?",To nurture herself and embrace fresh starts,4,1,1,0,0,0,0,1
"Why did Jolene get the new plant on 30 August, 2023?",As a reminder to nurture herself and embrace fresh starts,4,1,0,0,0,0,0,0
What has Jolene been focusing on lately besides studying?,relationship with her partner,4,1,1,1,0,0,0,1
How did Deborah's mom support her yoga practice when she first started?,attended classes with her,4,1,1,0,1,1,0,1
What was the video game console that Jolene's parents got her at age 10?,nintendo game console,4,1,1,1,0,0,0,1
What was one of Jolene's favorite games to play with her mom on the nintendo wii game system?,Monster Hunter: World,4,1,0,0,0,0,0,0
What course did Jolene sign up for on 6 September 2023?,meditation,4,1,0,0,0,0,0,0
"Why did Jolene have to reschedule their meeting with Deborah on September 8, 2023?",Jolene already had plans,4,1,0,0,0,0,0,0
Where did Jolene and her partner travel for a few weeks in September 2023?,Phuket,4,1,1,0,0,0,0,1
What was the main focus of the session that stood out to Jolene during the retreat?,releasing expectations and judgments and savoring the present,4,1,1,0,0,0,0,1
How did Jolene feel about her progress in practicing mindfulness and gratitude?,experiencing a new level of joy and happiness,4,1,0,0,0,0,0,0
What positive change did Jolene experience during the retreat?,finding inner peace,4,1,0,0,0,0,0,0
What did Jolene recently play that she described to Deb?,a card game about cats,4,1,0,0,0,0,0,0
What did Deborah do with their mom's old friends?,reminisced and looked through photos,4,1,0,0,0,0,0,0
Where did Deborah get married?,on the beach,4,1,0,0,0,0,0,0
What does yoga on the beach provide for Deborah?,a peaceful atmosphere,4,1,0,0,0,0,0,0
How does Jolene describe their home room?,little haven for peace and rest,4,1,0,0,0,0,0,0
"What new activity did Deborah and her neighbor organize for the community on 16 September, 2023?",Free gardening class,4,1,0,0,0,0,0,0
What was Deborah's mom passionate about?,Cooking,4,1,0,0,0,0,0,0
What food did Deborah's mom make for her on birthdays?,Pineapple cakes,4,1,0,0,0,0,0,0
What kind of cookies did Jolene used to bake with someone close to her?,Chocolate chip cookies,4,1,1,1,1,1,0,1
What outdoor activity did Jolene suggest doing together with Deborah?,Surfing,4,1,0,0,0,0,0,0
"What activity did Deborah enjoy at the music festival with their pals on September 20, 2023?",Dancing and bopping around,4,1,1,1,0,1,0,1
What did Deborah find freeing at the music festival?,Dancing and bopping around,4,1,1,1,0,1,0,1
What kind of car does Evan drive?,Prius,1,5,0,0,0,0,0,0
What kinds of things did Evan have broken?,His old Prius and his new Prius.,1,5,0,0,0,0,0,0
Where has Evan been on roadtrips with his family?,"Rockies, Jasper",1,3,0,0,0,0,0,0
How many Prius has Evan owned?,two,1,2,1,1,1,1,0,1
Which hobby did Sam take up in May 2023?,painting,2,1,0,0,0,0,0,0
Which country was Evan visiting in May 2023?,Canada,3,1,0,0,0,0,0,0
How many roadtrips did Evan take in May 2023?,two,1,2,0,0,0,0,0,0
What new hobbies did Sam consider trying?,"Painting, kayaking, hiking, cooking, running",1,10,1,1,0,0,0,1
What hobby did Evan start practicing a few years ago that he enjoys?,Watercolor painting,1,4,1,1,0,0,0,1
When did Evan go to Jasper with his family?,"weekend before May 24, 2023",2,1,0,0,1,0,0,1
"Which type of vacation would Evan prefer with his family, walking tours in metropolitan cities or camping trip in the outdoors?",camping trip in the outdoors,3,4,0,0,0,0,0,0
What health issue did Sam face that motivated him to change his lifestyle?,Weight problem,1,19,0,0,0,0,0,0
When did Sam first go to the doctor and find out he had a weight problem?,"A few days before May 24, 2023.",2,1,1,1,0,0,0,1
When did Evan have his sudden heart palpitation incident that really shocked him up?,first week of June 2023,2,1,1,1,0,0,0,1
What is Evan's favorite food?,Ginger snaps,1,4,0,0,0,0,0,0
What kind of unhealthy snacks does Sam enjoy eating?,"soda, candy",1,1,0,0,0,0,0,0
What recurring issue frustrates Sam at the grocery store?,Malfunctioning self-checkout machines.,1,2,1,0,1,0,0,1
When did Sam's friends mock him for being overweight?,Friday before 27 July 2023,2,1,0,0,1,1,0,1
What kind of healthy food suggestions has Evan given to Sam?,"flavored seltzer water, dark chocolate with high cocoa content, air-popped popcorn and fruit, veggies, healthy sandwich snacks, energy balls, grilled chicken salad with avocado",1,5,0,0,1,1,0,1
"Considering their conversations and personal growth, what advice might Evan and Sam give to someone facing a major life transition or challenge?","Evan and Sam would likely advise embracing small, consistent changes​​, finding stress-relieving activities like hiking​​, painting, and road trips​​, and the importance of friendship and support in navigating challenges​​.",3,11,0,1,0,0,0,1
"In light of the health and dietary changes discussed, what would be an appropriate gift for both Evan and Sam to encourage their healthy lifestyles?",a cookbook with healthy recipes or a subscription to a healthy meal delivery service.,3,17,0,1,0,1,0,1
How does Evan describe the woman and his feelings for her that he met in Canada?,"He says she's cool, incredible, like something out of a movie, and that he feels alive around her. Every moment with her is fun and energetic, also Evan feels really lucky to have someone who gets him.",1,3,1,1,1,1,0,1
When Evan did meet his future wife?,"week before August 7, 2023.",2,1,0,0,0,0,0,0
When did Sam start working out at the gym?,"July 28, 2023",2,1,1,0,0,0,0,1
What significant event happened in Sam's life towards the end of summer 2023?,He fell in love with a Canadian woman,2,1,0,0,0,0,0,0
Which year did Evan start taking care of his health seriously?,2021,2,2,0,0,0,0,0,0
What motivates Evan to take care of his health?,"family, fitness tracker, thirst for adventure on interesting hikes",1,3,0,0,0,0,0,0
What electronic device could Evan gift Sam to help him keep up with his fitness goals?,fitness tracker,3,1,0,0,0,0,0,0
What kind of writing does Sam do to relax and cope with his health issues?,"journalling, creative writing",1,2,0,0,0,0,0,0
"Who did Evan meet on his trip to Canada, and who did he come back from Canada with?",Evan met the woman he fell in love with and returned with her.,1,2,0,0,0,0,0,0
When Evan get back from a vacation with his SO?,"August 13, 2023",2,1,0,0,0,0,0,0
How might Evan and Sam's experiences with health and lifestyle changes influence their approach to stress and challenges?,"Their experiences likely lead them to view challenges as opportunities for growth and change. They both have embraced healthier lifestyles, indicating a proactive approach to managing stress and challenges.",3,1,0,0,0,0,0,0
What recurring frustration does Evan experience?,Evan consistently misplaces his keys every week.,1,2,0,0,0,0,0,0
What is the recurring dream that Sam keeps having?,he's flying over a cityscape.,1,2,1,1,0,0,0,1
What accidents has Evan's son faced lately?,"injured at a soccer game, fell off his bike",1,2,0,0,0,0,0,0
When was Evan's son injured at soccer?,"Saturday before August 15, 2023.",2,1,1,1,1,1,0,1
What kind of foods or recipes has Sam recommended to Evan?,"grilled vegetables, grilled chicken and veggie stir-fry, poutine",1,3,0,0,0,0,0,0
What kind of healthy meals did Sam start eating after getting a health scare?,"salad, grilled salmon and vegetables, grilled chicken and veggie stir-fry, Beef Merlot, fruit bowl, smoothie bowl",1,7,0,0,0,1,0,1
What role does nature and the outdoors play in Evan and Sam's mental well-being?,Nature and outdoor activities seem to be significant stress relievers and sources of joy for both Evan and Sam. These activities likely contribute positively to their mental well-being.,3,1,0,0,0,0,0,0
How many months lapsed between Sam's first and second doctor's appointment?,three months,2,2,0,0,0,0,0,0
When did Evan start taking painting classes?,"Few days before 19 August, 2023.",2,1,0,0,0,0,0,0
Which classes did Evan join in mid-August 2023?,painting classes,2,1,0,0,0,0,0,0
How did Evan get into painting?,His friend got him into it by gifting him a painting and giving him some advice. The painting inspired Evan.,1,4,1,0,1,1,0,1
How often does Sam get health checkups?,every three months,3,3,0,0,0,0,0,0
What kind of subjects does Evan enjoy painting?,"nature landscapes, portraits, abstract minimalism",1,5,0,0,0,0,0,0
Which places in Canada was Evan visiting in July 2023?,"Banff, Rocky Mountains",2,3,0,0,0,0,0,0
How do Evan and Sam use creative outlets to cope with life's challenges?,"Evan and Sam use creative activities, like painting and writing, as therapeutic tools to express themselves and cope with stress.",3,1,0,0,0,0,0,0
When did Evan go skiing in Banff?,July 2023,2,3,1,1,1,1,0,1
What new diet and lifestyle change did Sam adopt over time?,"Healthy eating, exercise routine, running, hiking",1,4,0,0,0,0,0,0
Who was injured in Evan's family?,Evan's son and Evan himself,1,6,0,0,0,0,1,1
What kind of hobbies does Evan pursue?,"painting, hiking, reading books, biking, skiing, snowboarding, ice skating, swimming, camping, kayaking",1,8,0,0,0,0,0,0
"What challenges does Sam face in his quest for a healthier lifestyle, and how does he address them?",Sam faces challenges like maintaining motivation and making dietary changes. He addresses them by enrolling in cooking classes and seeking support from friends like Evan.,3,4,0,0,0,0,0,0
Which activity do Evan and Sam plan on doing together during September 2023?,painting,2,3,0,1,0,0,0,1
When did Evan and Sam decide to paint together?,"Saturday after 11 September, 2023.",2,3,1,1,1,1,0,1
What personal health incidents does Evan face in 2023?,"heart palpitations, twisted ankle, twisted ankle",1,3,0,0,0,0,0,0
What recurring adventure does Evan have with strangers?,Helping lost tourists and experiencing unexpected adventures in the city.,1,2,0,0,0,0,0,0
What is Sam's persistent problem with his phone?,"His new phone malfunctioning, particularly with the navigation app.",1,2,0,0,0,0,0,0
Which US state was Sam travelling in during October 2023?,California,3,1,0,0,0,0,0,0
When did Evan start lifting weights?,October 2022,2,1,1,1,1,1,0,1
When did Sam and his friend decide to try kayaking?,"October 14, 2023",2,1,1,0,1,1,0,1
Which new activity does Sam take up in October 2023?,kayaking,2,1,0,0,0,0,0,0
What kind of stress was Sam dealing with in October 2023?,work-related stress,2,1,1,1,0,0,0,1
What health scares did Sam and Evan experience?,"Sam faced a health scare with stomach pains that turned out to be gastritis, prompting him to rethink his health habits. Evan, on the other hand, experienced two separate incidents: a sudden heart palpitation incident and a different event involving a misunderstanding during a medical check-up. These experiences have significantly influenced their perspectives on health and well-being.",1,4,0,0,0,1,0,1
When was Sam in the ER?,"weekend before 17 October, 2023.",2,1,1,0,0,0,0,1
Which ailment does Sam have to face due to his weight?,gastritis,1,4,0,0,0,0,0,0
Does Evan live close to a beach or mountains?,beach,3,3,1,0,0,0,0,1
When did Evan lose his job?,end of October 2023,2,1,0,0,0,0,0,0
When did Evan and Sam planned a trip to the beach together?,"December, 2023",2,1,0,0,0,0,0,0
"What was Sam doing on December 4, 2023?",Attending a Weight Watchers meeting,2,1,0,0,0,0,0,0
Which two significant life events occur in Evan's life in December 2023 with his partner?,his partner gets pregnant and they get married,1,2,0,0,0,0,0,0
How long did Evan and his partner date before getting married?,four months,2,2,1,1,0,0,0,1
Which major holiday season conincides with Evan's wedding?,Christmas,3,1,0,0,0,0,0,0
Which activity did Sam resume in December 2023 after a long time?,hiking,1,2,0,0,0,0,0,0
When is Evan planning a big family reunion?,Summer 2024,2,1,1,1,0,0,0,1
When did Evan's son fall off his bike?,"Thursday before December 17, 2023.",2,1,1,1,1,1,0,1
When did Evan announce his marriage to his extended family?,"January 5, 2024",2,1,1,1,0,0,0,1
When did Evan finish the painting that's hanging in the exhibit?,"few days before 17 December, 2023.",2,2,0,0,0,0,0,0
How does Evan spend his time with his bride after the wedding?,"family get-together, honeymoon in Canada to see snowy landscapes, ski, taste local cuisine and do some snowshoeing",1,4,0,1,0,0,0,1
Who did Evan tell about his marriage?,"To Sam, to his friends from work, and to his and his wife's families.",1,5,1,1,0,0,0,1
When will Evan and his partner have their honeymoon in Canada?,February 2024,2,1,1,1,0,0,0,1
When did Evan have a drunken night with his friends?,"January 9, 2023",2,1,0,0,0,0,0,0
What is a stress reliever for Evan?,"Drawing, traveling, places with a beautiful view, yoga, sunsets or something comfortable for Evan",1,11,1,1,1,1,1,1
What is a stress reliever for Sam?,"Unhealthy snacks, sweets, yoga, places with beautiful views",1,6,0,0,0,0,1,1
What type of car did Evan get after his old Prius broke down?,new Prius,4,1,0,0,0,0,0,0
How did Evan get into watercolor painting?,friend's advice,4,1,0,0,0,0,0,0
What did Evan start doing a few years back as a stress-buster?,watercolor painting,4,1,1,1,0,0,0,1
What advice did Evan give Sam about finding a passion?,keep trying new things until something sparks excitement,4,1,0,0,0,0,0,0
"Where did Evan take his family for a road trip on 24 May, 2023?",Jasper,4,1,0,0,0,0,0,0
What did Evan find relaxing about his road trip to Jasper?,"fresh air, peacefulness, cozy cabin surrounded by mountains and forests",4,1,0,0,0,0,0,0
What habit is Sam trying to change in terms of diet?,consuming soda and candy,4,1,0,0,0,0,0,0
What new suggestion did Evan give to Sam regarding his soda and candy consumption?,try flavored seltzer water and dark chocolate with high cocoa content,4,1,0,0,0,0,0,0
What did Sam agree to try instead of soda and candy?,flavored seltzer water and dark chocolate with high cocoa content,4,1,0,0,0,0,0,0
What frustrating issue did Sam face at the supermarket?,broken self-checkout machines,4,1,1,1,0,0,0,1
What novel is Evan reading that he finds gripping?,The Great Gatsby,4,1,1,0,0,0,0,1
What kind of water does Evan suggest Sam try as an alternative to soda?,Flavored seltzer water,4,1,1,1,1,1,0,1
What does the smartwatch help Evan with?,tracks progress and serves as a constant reminder to keep going,4,1,0,0,0,0,0,0
What does the bonsai tree symbolize for Evan?,strength and resilience,4,1,0,0,0,0,0,0
Why did Evan decide to get the bonsai tree?,motivates him to keep going through tough times,4,1,0,0,0,0,0,0
"According to Sam, what is more important than perfection?",progress,4,1,1,1,0,0,0,1
What did Evan suggest Sam to check out for insights into his dream?,dream interpretation book,4,1,1,1,1,1,1,1
What did Evan mention he had been searching for fruitlessly for half an hour?,his keys,4,1,1,1,0,0,0,1
What class is Sam taking to learn how to make healthier meals?,cooking class,4,1,1,1,0,0,0,1
"What dish did Sam make on 18 August, 2023 that turned out flavorful?",grilled dish with salmon and vegetables,4,1,0,0,0,0,0,0
"What kind of recipe did Evan request from Sam on 19 August, 2023?",recipes with more vegetables,4,1,0,0,0,0,0,0
"What food did Sam share a photo of on 19 August, 2023?","bowl of spinach, avocado, and strawberries",4,1,0,0,0,0,0,0
What type of painting classes did Evan start taking in 2023?,watercolor painting classes,4,1,0,0,0,0,0,0
What did Evan start painting years ago due to being inspired by a friend's gift?,forest scene,4,1,0,1,0,0,0,1
What nature concept do watercolor painting classes emphasize according to Evan?,observing nature and painting what is seen,4,1,1,0,1,1,0,1
What type of landscapes does Evan love painting the most?,sunsets over the ocean,4,1,1,1,1,1,0,1
What fun activity did Evan mention doing in July 2023?,skiing,4,1,0,0,0,0,0,0
What injury did Evan suffer from in August 2023?,Twisted knee,4,1,0,0,0,0,0,0
What sports activity has Evan been doing to stay active while dealing with the knee injury?,Swimming,4,1,1,1,1,1,0,1
What suggestion did Sam give to Evan to help with his knee issue?,Consider low-impact exercises or physical therapy,4,1,1,1,0,0,0,1
What did Evan suggest Sam try as a calming hobby?,Painting,4,1,1,1,0,0,0,1
What did Evan recommend Sam acquire to get started with painting?,"Acrylic paints, brushes, canvas/paper, palette",4,1,0,0,0,0,0,0
What activity does Evan do to keep himself busy while healing his knee?,Watercolor painting,4,1,0,0,0,0,0,0
What painting did Evan share with Sam in October?,a cactus in the desert,4,1,1,0,0,0,0,1
What kind of writing does Sam enjoy as a form of expression?,creative writing,4,1,0,0,0,0,0,0
What electronics issue has been frustrating Sam lately?,malfunctioning navigation app on the new phone,4,1,0,0,0,0,0,0
What activity did Evan start one year ago?,lifting weights,4,1,0,0,0,0,0,0
What advice did Evan give to Sam to avoid injuries while starting weightlifting?,Find a trainer,4,1,1,1,1,1,0,1
Where did Sam and his mate plan to try kayaking?,Lake Tahoe,4,1,0,0,0,1,0,1
What digestive issue did Sam experience lately?,Gastritis,4,1,0,0,0,0,0,0
What adventurous theme is emerging in Evan's life as mentioned by Sam?,helping lost tourists,4,1,1,1,0,0,0,1
What does Evan mention about his progress at the gym to Sam?,gaining strength,4,1,1,1,0,1,0,1
How did Evan start his transformation journey two years ago?,Changed his diet and started walking regularly,4,1,0,0,0,0,0,0
What gift did Evan receive from a close friend?,1968 Kustom K-200A vintage guitar,4,1,1,1,0,0,0,1
Why had Evan been going through a tough time lately?,Lost their job due to downsizing,4,1,0,0,0,0,0,0
How does Evan describe the island he grew up on?,A happy place,4,1,1,1,1,1,0,1
What was the main reason for Evan's frustration with his new Prius breaking down?,He relied on it for his active lifestyle and road trips,4,1,0,0,1,1,0,1
How did Sam suggest Evan view the setback with his broken Prius?,As a chance to explore other ways of staying active and traveling,4,1,0,0,0,0,0,0
What did Sam suggest Evan try for stress relief and flexibility?,Yoga,4,1,1,0,0,0,0,1
What did Sam offer Evan regarding yoga?,Support and tips,4,1,1,0,0,0,0,1
What news did Evan share with Sam on 9th December 2023?,partner is pregnant,4,1,1,1,0,0,0,1
What family event is Evan planning for next summer?,big family reunion,4,1,1,1,0,0,0,1
What is the motto of Evan's family?,'Bring it on Home',4,1,1,1,0,0,0,1
"According to Evan, what is important for Sam to believe in concerning his weight?",Your worth is not defined by your weight,4,1,1,1,1,0,0,1
Who helped Evan get the painting published in the exhibition?,a close friend,4,1,1,1,1,1,0,1
What did Sam recently start enjoying to clear his head?,running in the mornings,4,1,1,1,0,0,0,1
What did Sam suggest Evan should do with his keys?,put a GPS sensor on them,4,1,1,1,1,0,0,1
How did Evan feel when he painted the piece with the bird flying over it?,a sense of joy and freedom,4,1,0,0,0,0,0,0
What did Evan suggest Sam should keep doing to find his own version of love?,Keep trying new things,4,1,1,1,1,1,0,1
How did Evan describe the process of creating the painting with the bird flying over it?,embracing the creative process without restraint,4,1,0,0,0,0,0,0
What did Evan want to share with his work friends?,getting married,4,1,0,0,0,0,0,0
What did Evan share with Sam after their hiking trip?,a photo of a man standing on a rock looking out over a valley,4,1,1,1,0,1,0,1
What did Evan offer to share with Sam after talking about healthy snacks?,the recipes for cookies,4,1,0,0,0,0,0,0
"What did Evan and his partner share with their extended family on January 5, 2024?",their marriage,4,1,1,1,0,0,0,1
What was Evan limiting himself to on his new diet?,just two ginger snaps a day,4,1,1,1,0,0,0,1
What sports activity did Evan and his partner try in a recent weekend?,Snowshoeing,4,1,0,0,0,0,0,0
What advice did Evan suggest Sam seek from a doctor?,diet plan and low-impact exercises,4,2,1,1,0,0,0,1
What suggestions did Evan give for low-impact exercises?,"swimming, yoga, walking",4,1,1,1,1,1,0,1
What movie did Sam watch that motivated him to keep up with his routine?,The Godfather,4,1,1,0,0,0,0,1
What activity helped Evan with stress and flexibility?,Yoga,4,1,0,0,0,0,0,0
What did Evan share a photo of that was taken on a camping trip?,a kayak,4,1,0,0,0,0,0,0
Why did Evan apologize to his partner?,for a drunken night,4,1,0,1,0,0,0,1
How does Evan describe being out on the water while kayaking and watching the sunset?,peaceful,4,1,1,1,1,1,1,1
When did Calvin first travel to Tokyo?,between 26 March and 20 April 2023,2,1,0,0,0,0,0,0
What items did Calvin buy in March 2023?,"mansion in Japan, luxury car Ferrari 488 GTB",1,2,0,0,0,0,0,0
When did Dave see Aerosmith perform live?,"on the weekend before March 26, 2023",2,1,0,1,1,0,0,1
Which bands has Dave enjoyed listening to?,"Aerosmith, The Fireworks",1,2,0,0,0,0,0,0
Which country do Calvin and Dave want to meet in?,United States,3,2,0,0,0,0,0,0
What are Dave's dreams?,"open a car maintenance shop, work on classic cars, build a custom car from scratch",1,2,0,0,0,0,0,0
Which types of cars does Dave like the most?,classic vintage cars,1,4,0,0,0,0,0,0
Does Dave's shop employ a lot of people?,Yes,3,1,0,1,0,0,0,1
When did Dave start his car maintenance shop?,"May 1, 2023",2,1,1,1,0,0,0,1
When did a mishap occur with Calvin's musical gear and favorite mic?,"On a week before 16 May, 2023",2,1,0,0,0,0,0,0
When did Calvin's place get flooded in Tokyo?,"On a week before 16 May, 2023",2,1,0,0,0,0,0,0
What mishaps has Calvin run into?,"flooding of his mansion, car accident",1,2,0,0,0,0,0,0
When was Calvin's concert in Tokyo?,last week of May 2023,2,2,0,0,0,0,0,0
Would Calvin enjoy performing at the Hollywood Bowl?,Yes; because he enjoys the rush of performing onstage to large crowds,3,1,0,0,0,0,0,0
When did Calvin meet with the creative team for his new album?,"8 June, 2023",2,1,1,1,0,0,0,1
Why does Dave regularly visit parks?,because it relaxes and calms him,1,2,0,0,0,0,0,0
When did Dave take a trip to mountainous regions?,July 2023,2,1,1,1,0,0,0,1
When did Calvin have a car incident?,"on the Friday before 21 June, 2023",2,1,0,0,0,0,0,0
How many times has Calvin had to deal with insurance paperwork?,two times,1,2,0,0,0,0,0,0
Which places or events has Calvin visited in Tokyo?,"music festival, car museum, Shibuya crossing, Shinjuku",1,3,0,0,0,0,0,0
Who inspired Dave's passion for car engineering?,His Dad,1,3,0,0,0,0,0,0
Does Calvin wish to become more popular?,Yes; he want's to grow his fanbase,3,2,0,0,0,0,0,0
Does Calvin want to expand his brand?,yes,1,2,1,1,0,0,0,1
What is Dave's main passion?,auto engineering,1,4,0,0,0,0,0,0
Can Dave work with engines?,yes,1,3,0,0,0,0,0,0
When did Dave host a card-playing night with his friends?,"on the Friday before 22 August, 2023",2,1,1,1,0,0,0,1
When did Calvin record a podcast with his friends?,"21 August, 2023",2,1,1,1,0,0,0,1
Which city was Calvin visiting in August 2023?,Miami,2,1,0,0,0,0,0,0
What does Calvin do to relax?,"take long drives in his car, embrace nature, fixing cars",1,3,0,0,0,0,0,0
What are Dave's hobbies other than fixing cars?,"take a walk, go hiking, listen to favorite albums, live concerts, photography",1,4,0,0,0,0,0,0
What kind of music does Dave listen to?,"classic rock, Japanese music",1,3,0,0,0,0,0,0
Where was Dave in the last two weeks of August 2023?,San Francisco,2,2,0,0,0,0,0,0
Where did Dave return from with new knowledge of different techniques of car restoration?,San Francisco,1,2,1,1,0,0,0,1
What was Dave doing in San Francisco?,attending a car modification workshop,1,2,1,1,0,0,0,1
When did Dave return from San Francisco?,"September 1, 2023",2,1,0,0,0,0,0,0
When did Calvin book flight tickets to Boston?,last week of August 2023,2,1,1,1,1,1,0,1
When was Calvin's album released?,"September 11, 2023",2,1,0,0,0,0,0,0
Does Calvin love music tours?,yes,3,3,0,0,0,0,0,0
When did Dave have a great jam session with his band?,"September 14, 2023",2,1,0,0,0,0,0,0
What was the artists Calvin used to listen to when he was a kid?,Tupac and Dr. Dre,1,2,0,1,0,0,0,1
Which of their family member do Calvin and Dave have nostalgic memories about?,Dad,1,2,0,0,0,0,0,0
"Which city was Calvin at on October 3, 2023?",Boston,2,1,0,0,0,0,0,0
When did Calvin met with local artists in Boston?,"October 3, 2023",2,1,1,1,0,0,0,1
What shared activities do Dave and Calvin have?,Working on cars,1,2,0,0,0,0,0,0
What is Dave's favorite activity?,Restoring cars,1,3,0,0,0,0,0,0
How many car shows has Dave attended?,two,1,2,1,0,0,0,0,1
What was Dave doing in the first weekend of October 2023?,attending a car show,2,1,0,0,0,0,0,0
"When Dave was a child, what did he and his father do in the garage?","tinkering with car engines, restoration and refurbishing cars",1,3,0,0,0,0,0,0
When did Calvin buy his second Ferrari?,first week of October 2023,2,1,0,0,0,0,0,0
When did Calvin and Frank Ocean start collaborating?,August 2022,2,2,0,0,0,0,0,0
When did Calvin plan on travelling to Tokyo the second time?,November 2023,2,1,0,0,0,0,0,0
Who supports Calvin in tough times?,friends and team,1,2,0,0,0,0,0,0
What does help Calvin stay connected to the creative process?,Calvin stays connected to the creative process by always staying up-to-date on world events and watching documentaries about artists.,1,2,0,0,0,0,0,0
When did Calvin visit some of the sights in Boston with a former high school friend?,"October 24, 2023",2,1,1,1,0,0,0,1
Which cities did Dave travel to in 2023?,"San Francsico, Detroit",1,2,0,0,0,0,0,0
Which hobby did Dave pick up in October 2023?,photography,2,1,0,0,0,0,0,0
Which events in Dave's life inspired him to take up auto engineering?,"attending a car show with Dad, working on an old car in a neighbor's garage when he was young, spent a summer restoring an old car with Dad",1,4,0,0,0,0,0,0
How many Ferraris does Calvin own?,two,1,2,0,0,0,0,0,0
What gifts has Calvin received from his artist friends?,"gold chain, custom-made guitar with an octopus on it",1,3,0,0,0,0,0,0
How long did Dave's work on the Ford Mustang take?,nearly two months,2,3,1,1,1,1,0,1
How long was the car modification workshop in San Francisco?,two weeks,2,2,1,1,1,1,1,1
What style of guitars does Calvin own?,"custom-made yellow guitar with an octopus on it, shiny purple guitar",1,4,0,0,1,0,0,1
What activities has Dave participated in with his friends?,"weekly visits to local parks, countryside roadtrip, celebration of the opening of his car maintenance shop, card-playing nights",1,4,0,0,0,0,0,0
When did Dave take a photo of a Boston clock tower?,September 2023,2,1,0,0,0,0,0,0
Do all of Dave's car restoration projects go smoothly?,No,1,4,0,0,0,0,0,0
Where was Calvin located in the last week of October 2023?,Tokyo,2,1,0,0,0,0,0,0
When did Dave find the car he repaired and started sharing in his blog?,last week of October 2023,2,1,0,0,0,0,0,0
When did Dave buy a vintage camera?,November 2023,2,1,0,0,0,0,0,0
When did Calvin attend a gala in Boston?,"November 16, 2023",2,1,0,0,0,0,0,0
How long did Calvin plan to stay in Japan?,A few months,4,1,0,0,0,0,0,0
Which band was Dave's favorite at the music festival in April 2023?,Aerosmith,4,1,0,0,0,0,0,0
Where did Calvin attend a music festival in April 2023?,Tokyo,4,1,0,0,0,0,0,0
What advice did Calvin receive from the producer at the music festival?,to stay true to himself and sound unique,4,1,1,1,0,0,0,1
"What is Dave's new business venture as of 1 May, 2023?",Car maintenance shop,4,1,0,0,0,0,0,0
What type of cars does Dave work on at his shop?,"all kinds of cars, from regular maintenance to full restorations of classic cars",4,1,1,1,0,0,0,1
What did Calvin receive as a gift from another artist?,a gold necklace with a diamond pendant,4,1,1,1,0,0,0,1
What was the necklace Calvin received meant to remind him of?,why he keeps hustling as a musician,4,1,0,0,0,0,0,0
What does Dave do when he feels his creativity is frozen?,immerse himself in something he loves,4,1,0,0,0,0,0,0
How does Calvin plan to jumpstart his inspiration?,explore other things and have some fun,4,1,1,1,0,0,0,1
What did Calvin manage to save during the flood incident?,music gear and favorite microphone,4,1,0,0,0,0,0,0
What did Dave open in May 2023?,a car shop,4,1,0,0,0,0,0,0
What gives Dave a sense of achievement and purpose?,Fixing up things,4,1,1,1,0,0,0,1
What fuels Calvin's soul?,Performing live,4,1,1,1,0,0,0,1
What is Dave doing to relax on weekends?,exploring parks,4,1,1,1,0,0,0,1
What sports activity is Calvin planning to try after the tour with Frank Ocean?,Skiing,4,1,1,1,0,0,0,1
"What was Calvin excited to do after getting his car fixed on 7 July, 2023?",get back on the road,4,1,1,0,1,1,1,1
What did Calvin and his friends arrange for in the park?,regular walks together,4,1,1,0,0,0,0,1
What kind of music has Calvin been creating lately?,experimenting with different genres,4,1,0,0,0,0,0,0
How does Calvin describe his process of adding electronic elements to his songs?,gives them a fresh vibe,4,1,1,1,0,0,0,1
What car brand does Calvin own that he is proud of?,Ferrari,4,1,0,0,0,0,0,0
What is Calvin's biggest current goal?,expand his brand worldwide and grow his fanbase,4,1,0,0,0,0,0,0
What is Dave's advice to Calvin regarding his dreams?,to never forget his dreams,4,1,1,0,1,1,0,1
"What workshop did Dave get picked for on 11 August, 2023?",Car mod workshop,4,1,1,1,0,0,0,1
What kind of modifications has Dave been working on in the car mod workshop?,"engine swaps, suspension modifications, and body modifications",4,1,1,1,1,0,0,1
What type of car did Dave work on during the workshop?,classic muscle car,4,1,0,0,0,0,0,0
What does Dave say is important for making his custom cars unique?,attention to small details,4,1,0,0,0,0,0,0
How did the audience in Tokyo react when Calvin sang one of his songs?,Everyone was so into it and sang along,4,1,1,1,0,0,0,1
How did Calvin meet Frank Ocean?,At a music festival in Tokyo,4,1,1,1,0,0,0,1
Where did Calvin and Frank Ocean record a song together?,In the studio at Calvin's mansion,4,1,1,1,0,0,0,1
What did Calvin and his friends record in August 2023?,a podcast discussing the rap industry,4,1,0,0,0,0,0,0
Where did Calvin start shooting a video for his new album?,Miami,4,1,0,0,0,0,0,0
What design is featured on Calvin's guitar?,octopus,4,1,0,0,0,0,0,0
Why did Calvin get his guitar customized with a shiny finish?,unique look,4,1,1,1,1,1,0,1
What color glow did Calvin customize his guitar with?,purple,4,1,0,0,0,0,0,0
Where did Dave come back from with insights on car modification on 1st September 2023?,San Francisco,4,1,1,1,0,0,0,1
What emotion does Dave mention feeling when he sees the relief of someone whose car he fixed?,Proud,4,1,1,1,0,0,0,1
What did Calvin book a flight ticket for on 1st September 2023?,Boston,4,1,1,1,0,0,0,1
What is Calvin excited about after the tour?,exploring and growing his brand,4,1,1,1,0,0,0,1
What plans do Calvin and Dave have for when Calvin visits Boston?,Check out Dave's garage and maybe get some ideas for future projects,4,1,0,0,0,0,0,0
Which Disney movie did Dave mention as one of his favorites?,Ratatouille,4,1,0,0,0,0,0,0
How does Dave feel about the reactions of people when they see the finished restoration project?,satisfying and worth the hard work,4,1,1,1,0,0,0,1
What activity did Calvin enjoy during his summer drives?,feeling the wind blowing through his hair,4,1,0,0,0,0,0,0
Which song from the childhood of Calvin brings back memories of a road trip with his dad?,"""California Love""",4,2,1,1,1,0,0,1
What project did Calvin work on to chill out?,A shiny orange car,4,1,0,0,0,0,0,0
What car did Dave work on in the junkyard?,Ford Mustang,4,1,1,1,1,0,0,1
What does Dave find satisfying about restoring old cars?,Transforming something old and beat-up into something beautiful,4,1,0,0,0,0,0,0
What do Calvin and Dave use to reach their goals?,Hard work and determination,4,1,0,0,0,0,0,0
What does working on cars represent for Dave?,Therapy and a way to get away from everyday stress,4,1,0,0,0,0,0,0
What does Dave aim to do with his passion for cars?,Take something broken and make it into something awesome,4,1,0,0,0,0,0,0
"What did Calvin recently get that is a ""masterpiece on wheels""?",Ferrari,4,1,1,1,0,0,0,1
Who headlined the music festival that Dave attended in October?,The Fireworks,4,1,1,1,1,1,0,1
How does Calvin stay motivated when faced with setbacks?,"Reminds himself of his passion for goals, gets help from others, and takes a break to recharge",4,1,1,0,1,1,0,1
"What activity does Dave find fulfilling, similar to Calvin's passion for music festivals?",fixing things,4,1,0,0,0,0,0,0
Where did Calvin and Dave meet Frank Ocean to start collaborating?,at a festival,4,1,0,0,0,0,0,0
Which part of Tokyo is described as Tokyo's Times Square by Calvin?,Shibuya Crossing,4,1,1,1,1,1,0,1
What specific location in Tokyo does Calvin mention being excited to explore?,Shinjuku,4,1,1,0,0,0,0,1
What dish does Dave recommend Calvin to try in Tokyo?,ramen,4,1,0,0,1,1,0,1
What does Calvin find energizing during the tour?,Performing and connecting with the crowd,4,1,1,1,0,0,0,1
How does Calvin balance his job and personal life?,Takes it one day at a time,4,1,0,0,0,0,0,0
What inspired Calvin's recent music?,Struggles that people go through,4,1,0,0,0,0,0,0
How does Calvin describe his music in relation to capturing feelings?,Express himself and work through his emotions,4,1,0,0,0,0,0,0
Why did Dave start working on cars?,Fascinated with how machines work,4,1,0,0,0,0,0,0
What is the toughest part of car restoration according to Dave?,Paying extra attention to detail,4,1,0,0,0,0,0,0
What does Calvin believe makes an artist create something extraordinary?,Paying attention to small details,4,1,1,1,0,0,0,1
When did Dave sell the car he restored last year?,Last year,4,1,1,1,0,0,0,1
When did Calvin first get interested in cars?,at an early age,4,1,0,0,0,0,0,0
How did Calvin feel about performing with someone he admires?,"Unreal, like a dream come true",4,1,0,0,0,0,0,0
What realization did the nightclub experience bring to Calvin?,"how much music means to him, it's like his passion and purpose",4,1,0,0,0,0,0,0
What do Dave and Calvin agree on regarding their pursuits?,It's fulfilling and motivating,4,1,0,0,0,0,0,0
Which city is featured in the photograph Dave showed Calvin?,Boston,4,1,0,0,0,0,0,0
What did Calvin do recently at his Japanese house?,Threw a small party for his new album,4,1,1,0,0,0,0,1
What did Dave recently start a blog about?,Car mods,4,1,0,0,0,0,0,0
What is Dave's way to share his passion with others?,Through a blog on car mods,4,1,1,1,0,0,0,1
What type of videos does Calvin usually watch on his television?,"Music videos, concerts, documentaries about artists and their creative process",4,1,1,1,0,0,0,1
What type of music has Dave been getting into lately?,Classic rock,4,1,1,1,0,0,0,1
What tools does Calvin use to boost his motivation for music?,Writing lyrics and notes,4,1,1,1,1,1,0,1
What type of content does Dave post on his blog that inspired others to start their own DIY projects?,How he made his car look like a beast,4,1,1,1,0,0,0,1
What kind of impact does Dave's blog on car mods have on people?,It inspires others to start their DIY projects,4,1,0,0,0,0,0,0
"Who did Calvin invite to see him perform in Boston on 13 November, 2023?",his old high school buddy,4,1,1,0,0,0,0,1
What hobby did Calvin take up recently?,Photography,4,1,0,0,0,0,0,0
What new item did Dave buy recently?,A vintage camera,4,1,0,0,0,0,0,0
What type of photos does Dave like to capture with his new camera?,"Nature - sunsets, beaches, waves",4,1,0,0,0,0,0,0
What event did Calvin attend in Boston?,Fancy gala,4,1,0,0,0,0,0,0
What did Calvin discuss with the cool artist he met at the gala?,Music and art,4,1,0,0,0,0,0,0
Where did Dave take a stunning photo of a waterfall?,Nearby park,4,1,0,0,0,0,0,0
What positive impact does Calvin mention nature has on tough times?,Nature helps us appreciate life,4,1,1,0,0,0,0,1
